state_ticker,state_order,state_day_start,state_day_end,state_open,state_stop_loss,state_close_estimate,state_max_r,state_MA_r,state_RSI_r,last_r
MRK,2,1657207800.0,1657288500.0,92.92,93.02,,4.3000000000003125,,,-1
MRK,1,1657302000.0,1657635900.0,93.026,92.68599999999999,,4.982352941176428,0.5411764705882225,4.982352941176428,0.5411764705882225
MRK,1,1657547100.0,1657636200.0,93.444,93.02800000000002,,3.0673076923078115,-0.5625000000000449,3.0673076923078115,-0.2980769230769582
MRK,2,1657653000.0,1657719600.0,93.464,93.65400000000001,,1.1263157894736062,,,-0.6631578947368256
MRK,1,1657826700.0,1658160000.0,93.758,93.63799999999999,,11.683333333332898,-0.4833333333332544,7.433333333333136,-0.4833333333332544
MRK,2,1658945700.0,1658948700.0,90.806,91.166,,0.8499999999999941,,,-0.7888888888889068
GILD,2,1657633500.0,1657636800.0,62.395,62.57000000000001,,0.6000000000000081,,,-0.942857142857115
GILD,2,1658425200.0,1658497200.0,60.934000000000005,61.158,,0.8660714285714533,,,-1
GILD,2,1658255700.0,1658497800.0,62.217999999999996,62.397999999999996,,8.211111111111093,2.988888888888875,6.322222222222222,2.988888888888875
GILD,2,1658326800.0,1658498100.0,61.844,62.068,,4.928571428571499,0.7321428571428747,3.4107142857143495,1.0446428571428807
GILD,2,1658514600.0,1658517000.0,60.652,60.722,,0.7428571428571341,,,-1
PYPL,2,1657623300.0,1657631100.0,70.198,70.92799999999998,,0.3260273972602779,,,-0.6739726027397416
PYPL,2,1657632900.0,1657633200.0,71.824,72.36399999999999,,-0.4555555555555532,-0.4555555555555532,,-0.4555555555555532
PYPL,2,1657813200.0,1657891800.0,70.108,70.788,,1.1735294117647213,,,-1
PYPL,1,1657892700.0,1657893300.0,71.237,70.532,,0.10354609929079103,,,-0.5914893617021314
PYPL,2,1658169300.0,1658226000.0,74.884,75.174,,3.979310344827488,,3.3241379310344064,-0.22758620689655545
PYPL,1,1658486400.0,1658496600.0,82.572,82.28399999999999,,1.8333333333332347,,,-0.319444444444428
PYPL,1,1658497200.0,1658498100.0,83.096,82.39200000000001,,1.1704545454545534,,,-1
PYPL,1,1658410500.0,1658504400.0,80.25399999999999,79.79399999999998,,7.969565217391191,2.2086956521738865,6.643478260869475,2.2086956521738865
PYPL,2,1658753700.0,1658755500.0,80.998,81.22800000000001,,0.20869565217391733,,,-0.31304347826081425
PYPL,2,1658832300.0,1658916000.0,80.818,81.398,,7.082758620689683,-0.7793103448275853,4.910344827586219,-0.7793103448275853
PYPL,2,1659016800.0,1659022800.0,84.799,85.51400000000001,,1.7048951048951084,,,-1
PYPL,1,1659092700.0,1659098100.0,86.616,85.976,,0.47500000000000275,,,-0.9312500000000049
PYPL,1,1659367800.0,1659375300.0,88.394,87.734,,0.9181818181817949,,,-0.8242424242424277
PYPL,2,1659451800.0,1659456000.0,88.314,89.10399999999998,,0.10632911392403774,,,-1
IBM,1,1657048500.0,1657653900.0,136.684,136.374,10.338580645161203,15.664516129032126,7.374193548387047,,7.374193548387047
IBM,2,1657737600.0,1657813200.0,137.898,138.528,,3.647619047619077,,,-1
IBM,1,1658154300.0,1658154600.0,139.966,139.77599999999998,,-0.34736842105259697,,,-0.34736842105259697
IBM,2,1658334000.0,1658346000.0,128.854,129.144,,2.7724137931035315,,,-1
IBM,2,1658850000.0,1658851500.0,127.994,128.184,,0.547368421052634,,,-1
IBM,1,1659362400.0,1659448200.0,131.18800000000002,130.91800000000003,,5.118518518518776,,,-1
MRK,1,1659966000.0,1660068900.0,87.13199999999999,86.85199999999999,,10.70714285714283,,10.70714285714283,-0.6857142857142582
MRK,1,1660657200.0,1660657500.0,90.472,90.342,,0.13846153846154854,,,0.13846153846154854
MRK,2,1660678200.0,1660743600.0,90.384,90.474,,0.04444444444449708,,,-1
MRK,2,1660837800.0,1660838100.0,91.156,91.316,,0.2875000000000466,,,0.2875000000000466
MRK,2,1661456400.0,1661521200.0,89.95,90.2,,-0.2400000000000091,-0.2400000000000091,,-0.2400000000000091
MRK,2,1661881500.0,1661882100.0,86.64999999999999,86.88999999999999,,-0.29166666666670366,,,-0.7083333333333556
MRK,2,1661535900.0,1662042300.0,89.94800000000001,90.078,12.529846153846611,37.676923076924474,28.753846153847267,5.138461538461767,28.753846153847267
MRK,1,1662136800.0,1662138000.0,87.302,86.97200000000001,,0.024242424242410934,,,-1
GILD,2,1659727800.0,1659728100.0,60.892,60.962,,-0.9714285714285367,,,-1
GILD,1,1660052400.0,1660053000.0,61.507999999999996,61.437999999999995,,1.8857142857143496,,,-1
GILD,1,1660061400.0,1660065900.0,61.814,61.654,,0.5375000000000022,,,-0.83750000000002
GILD,1,1660140000.0,1660313100.0,62.237,61.982000000000006,,4.129411764705945,-0.4588235294117903,1.8549019607843429,-0.4588235294117903
GILD,1,1660674300.0,1660674900.0,66.062,65.982,,0.3500000000000799,,,-0.7749999999999867
GILD,1,1660763400.0,1660764300.0,66.258,66.13799999999999,,0.2666666666667456,,,-1
GILD,1,1660850700.0,1661175900.0,65.006,64.916,,7.266666666666351,,,-1
GILD,2,1661262300.0,1661794500.0,63.793,64.048,,9.658823529411672,5.619607843137198,8.521568627450902,5.619607843137198
GILD,2,1661349900.0,1661794800.0,63.434999999999995,63.795,,5.847222222222108,2.986111111111045,5.041666666666568,2.8472222222221664
GILD,1,1661973600.0,1661973900.0,63.296,63.205999999999996,,-0.5111111111110848,,,-0.5111111111110848
PYPL,2,1659700500.0,1659708600.0,96.618,96.79799999999999,7.912666666666997,11.988888888889388,,11.377777777778254,-0.45555555555561783
PYPL,2,1660052100.0,1660052400.0,94.649,95.164,,-1.0116504854368937,,,-1
PYPL,1,1660311900.0,1660312200.0,101.083,100.638,,-0.11910112359550132,,,-0.11910112359550132
PYPL,1,1660653000.0,1660653300.0,102.53999999999999,102.33999999999999,,-0.1499999999999325,,,-0.4999999999999645
PYPL,1,1660759500.0,1660816800.0,100.00200000000001,99.522,,1.7041666666666184,,,-1
PYPL,2,1660830600.0,1660833900.0,98.032,98.652,,1.1806451612903128,,,-1
PYPL,2,1661178300.0,1661179200.0,93.55799999999999,94.088,,0.24150943396223704,,,-0.8150943396226439
PYPL,1,1661256900.0,1661259600.0,93.852,93.522,,0.08484848484845979,,,-1
PYPL,2,1661341200.0,1661347800.0,93.1,93.7,,0.36666666666665954,,,-0.2166666666666797
PYPL,1,1661520900.0,1661522400.0,96.704,95.648,,0.06250000000000253,,,-1
PYPL,1,1661436600.0,1661524200.0,95.04,94.44,,3.4333333333332647,-1.3666666666666596,,-1
PYPL,2,1661780400.0,1661781000.0,93.094,93.38399999999999,,2.427586206896596,0.8068965517241417,,0.46206896551725524
PYPL,1,1661861400.0,1661868300.0,93.45,92.64999999999999,,0.8749999999999911,,,-1
PYPL,2,1661973300.0,1662059400.0,93.912,94.28200000000001,7.120864864864785,10.789189189189068,4.005405405405354,,4.005405405405354
PYPL,1,1662122700.0,1662125700.0,92.774,92.364,,2.697560975609765,,,-1
IBM,2,1659707400.0,1659708300.0,131.542,131.812,,0.1925925925925575,,,-0.14074074074077583
IBM,2,1659974100.0,1660138800.0,131.78,131.98000000000002,8.678999999999245,13.149999999998856,3.4999999999996447,10.14999999999914,3.4999999999996447
IBM,2,1660246200.0,1660311600.0,132.418,132.598,,0.6,,,-0.4
IBM,1,1660850700.0,1660916700.0,138.832,138.702,,2.3692307692307963,,,-1
IBM,2,1661272500.0,1661272800.0,135.048,135.228,,-0.34444444444449707,,,-1
IBM,2,1661781000.0,1661788800.0,130.039,130.783,,0.5094086021505253,,,-1
IBM,2,1661881500.0,1661882400.0,129.528,129.89600000000002,,-0.3586956521739038,,,-0.9293478260869326
IBM,2,1661972700.0,1661973300.0,128.942,129.21399999999997,,-0.06617647058824681,,,-1
IBM,2,1661355000.0,1662128100.0,134.358,134.788,7.21088372093013,15.227906976743949,9.669767441860348,2.57674418604648,9.669767441860348
IBM,2,1661867100.0,1662128700.0,130.488,131.01600000000002,,5.071969696969499,0.5454545454545454,,0.16666666666664873
PFE,2,1660071000.0,1660073400.0,49.668,49.897999999999996,,-0.18260869565218332,,,-0.6608695652174047
PFE,1,1660302300.0,1660830000.0,48.31,48.06,,8.120000000000005,2.4799999999999898,4.47999999999999,2.4799999999999898
PFE,2,1660831200.0,1660916700.0,49.033,49.188,,4.341935483870947,-0.36774193548388223,,-0.36774193548388223
PFE,2,1661193900.0,1661194800.0,48.796,48.856,,0.2666666666666272,,,-0.0666666666666272
PFE,2,1661261400.0,1661508900.0,48.425999999999995,48.58599999999999,,6.975000000000102,3.2875000000000467,5.475000000000102,3.2875000000000467
PFE,2,1661425500.0,1661509200.0,47.516,47.931999999999995,,0.49519230769230177,-0.923076923076931,,-0.8509615384615431
PFE,1,1661793000.0,1661796300.0,46.512,46.431999999999995,,0.7249999999999489,,,-0.8999999999999734
PFE,2,1661866500.0,1661868000.0,46.117,46.26199999999999,,0.8758620689655091,,,-0.710344827586237
PFE,2,1661943300.0,1661952300.0,45.82,46.019999999999996,,0.2,,,-1
PFE,1,1661952600.0,1661955000.0,45.964000000000006,45.754000000000005,,1.3142857142856912,,,-1
PFE,2,1662030300.0,1662039000.0,45.033,45.288000000000004,,0.3254901960784219,,,-1
MMM,1,1659972600.0,1659975300.0,148.596,147.85600000000002,,0.05945945945943766,,,-0.9540540540541024
MMM,2,1660158600.0,1660159200.0,149.082,149.252,,0.4235294117646823,,,0.4235294117646823
MMM,2,1660245300.0,1660311600.0,149.672,150.042,,0.5189189189189322,,,-1
MMM,2,1661364600.0,1661367900.0,140.37,140.85000000000002,,0.041666666666686406,,,-0.9791666666666272
MMM,2,1660833000.0,1661435100.0,146.592,146.762,12.97482352941277,40.24705882353245,25.30588235294316,,25.30588235294316
MMM,2,1661434800.0,1661435400.0,141.64600000000002,142.38200000000003,,-0.059782608695627196,-0.8749999999999469,,-0.834239130434729
MMM,1,1661522400.0,1661522700.0,141.90200000000002,141.42200000000003,,1.7249999999999837,,,1.7249999999999837
MMM,1,1662040800.0,1662041400.0,125.151,124.73599999999999,,0.5036144578313254,,,-0.9903614457831209
MCD,2,1659713100.0,1660054500.0,258.562,259.532,,3.393814432989796,0.22886597938148825,3.249484536082589,0.22886597938148825
MCD,2,1660236600.0,1660311600.0,260.246,260.50600000000003,,5.830769230768016,,,-1
MCD,2,1660845000.0,1660846200.0,265.488,265.71799999999996,,0.8608695652174451,,,-0.31304347826093404
MCD,1,1660926000.0,1660926600.0,267.04,266.79,,-0.3200000000001637,,,-0.36000000000012733
MCD,1,1661355600.0,1661358900.0,260.87199999999996,260.64199999999994,,2.339130434782718,,,-0.6173913043475123
MCD,1,1661439900.0,1661440500.0,261.252,260.822,,0.01860465116274704,,,-1
MCD,2,1661953200.0,1661953500.0,254.35399999999998,254.89399999999998,,-1.3259259259259606,-1.7518518518519266,,-1
MCD,2,1662039900.0,1662040200.0,253.274,254.164,,-0.3101123595505783,,,-1
MCD,1,1662126600.0,1662137100.0,257.074,256.064,,1.3623762376237512,,,-0.9346534653465597
TMO,1,1659641100.0,1659642000.0,591.332,590.152,,-0.035593220339009995,,,-1
TMO,1,1659966300.0,1659966600.0,590.6890000000001,589.0040000000001,,-0.45044510385765746,,,-0.705637982195915
TMO,2,1660072200.0,1660073100.0,579.062,580.454,,-0.2428160919540088,,,-0.9612068965517414
TMO,2,1660053600.0,1660138800.0,582.514,584.654,,2.9271028037383413,,,-0.7878504672897412
TMO,1,1660226700.0,1660246800.0,595.23,592.73,,1.4440000000000055,,,-1
TMO,2,1661192100.0,1661439000.0,577.198,578.846,,5.4235436893203,,,0.32038834951457046
TMO,2,1660745100.0,1661456400.0,598.04,600.94,6.777517241379092,10.268965517241048,4.927586206896384,4.106896551723998,4.927586206896384
TMO,2,1660849800.0,1661521500.0,594.61,597.01,7.246250000000075,10.97916666666678,4.525000000000048,3.5333333333333745,4.862500000000029
TMO,2,1661867100.0,1662126000.0,556.063,558.668,,5.682533589251399,0.7957773512475872,,0.7957773512475872
MSFT,2,1660053600.0,1660055400.0,278.376,279.99199999999996,,-0.2004950495049599,,,-1
MSFT,2,1659973800.0,1660073400.0,282.25600000000003,282.81600000000003,,8.010714285714338,,,-0.4892857142856124
MSFT,1,1660221000.0,1660224300.0,290.188,289.71799999999996,,1.7276595744680099,,,0.8340425531914323
MSFT,2,1660241700.0,1660298700.0,287.418,287.84799999999996,,2.2976744186049176,,,-1
MSFT,1,1660329300.0,1660573200.0,290.268,289.79799999999994,,3.1744680851062386,,,-0.9531914893616023
MSFT,1,1660588800.0,1660645500.0,293.21,292.72999999999996,,0.8541666666666864,,,-1
MSFT,1,1660579200.0,1660656300.0,291.90999999999997,291.51,,4.275000000000334,,,-1
MSFT,1,1660761600.0,1660761900.0,293.03999999999996,292.64,,-1.5249999999999786,,,-1
MSFT,2,1660830000.0,1660836600.0,290.578,291.40799999999996,,1.1060240963855026,,,-0.8578313253012766
MSFT,2,1661195400.0,1661263800.0,278.024,278.464,,3.509090909090888,,,-1
MSFT,2,1661258700.0,1661264100.0,277.17400000000004,278.35800000000006,,0.58614864864865,,,-0.9847972972972251
MSFT,2,1661434800.0,1661435700.0,275.602,276.772,,0.5230769230768872,,,-0.9299145299145363
MSFT,2,1661786400.0,1661787000.0,264.324,264.964,,0.2875000000000466,,,-0.9156250000000394
MSFT,1,1661858700.0,1661862300.0,267.483,266.638,,0.2331360946745519,,,-0.8082840236686043
MSFT,1,1661954400.0,1661955300.0,265.212,264.082,,-0.18761061946901764,,,-0.7362831858407053
REGN,2,1659715800.0,1659716400.0,615.782,618.0520000000001,,-0.04317180616737983,,,-1
REGN,1,1659984600.0,1659984900.0,630.342,629.512,,0.5879518072289546,,,-1
REGN,2,1660328700.0,1660329000.0,627.808,628.638,,-0.44819277108426375,,,-0.9903614457830869
REGN,2,1661348700.0,1661354700.0,600.514,603.4580000000001,,0.1168478260869709,,,-1
REGN,2,1661363100.0,1661367000.0,600.388,602.5960000000002,,-0.4039855072463131,,,-0.7391304347825192
REGN,2,1660746600.0,1661522100.0,644.844,646.484,7.277707317073256,27.703658536585646,23.173170731707522,18.441463414634317,23.173170731707522
REGN,2,1661540400.0,1661795100.0,598.972,600.0419999999999,6.952822429906916,10.534579439252902,-0.1570093457944078,,-0.1570093457944078
REGN,2,1661867100.0,1661953500.0,594.778,596.258,,6.039189189189107,,,-1
REGN,1,1661954100.0,1661954400.0,595.1949999999999,593.17,,-0.6888888888888877,,,-1
AMGN,2,1659726900.0,1659727500.0,245.262,245.77399999999997,,0.43359375000004013,,,-1
AMGN,2,1659707100.0,1659971400.0,246.334,247.099,,2.5411764705883026,,,-1
AMGN,2,1659977100.0,1659984900.0,245.006,245.666,,0.8878787878788118,,,-1
AMGN,1,1660148700.0,1660245300.0,248.632,247.877,,5.030463576158973,0.20927152317879205,,0.20927152317879205
AMGN,1,1660582500.0,1660583700.0,249.85,249.39999999999998,,-0.3333333333333333,,,-0.9777777777777357
AMGN,2,1660747800.0,1660754100.0,250.82,251.87,,0.7047619047618787,,,-1
AMGN,2,1660916700.0,1660928100.0,251.244,251.684,,4.281818181818172,-0.42272727272729094,,-0.4681818181817953
AMGN,1,1661522400.0,1661522700.0,245.198,244.77800000000002,,0.4333333333333175,,,0.4333333333333175
AMGN,2,1661867100.0,1661867400.0,239.022,239.742,,-0.3861111111111395,,,-0.3861111111111395
AMGN,2,1661953500.0,1661953800.0,242.772,242.99200000000002,,-1.445454545454421,-1.445454545454421,,-1
AMGN,1,1662135600.0,1662137400.0,246.189,244.53300000000002,,0.03683574879227529,,,-0.850845410628026
AMGN,1,1662041700.0,1662138000.0,241.453,240.858,,10.12941176470588,4.448739495798313,,4.448739495798313
CVS,1,1659712500.0,1659713100.0,102.786,102.54599999999999,,-0.025,,,-1
CVS,2,1659966300.0,1659969000.0,102.106,102.466,,-0.011111111111124708,,,-0.8722222222222435
CVS,1,1660660500.0,1660661400.0,106.63799999999999,106.286,,-0.42045454545454686,,,-1
CVS,1,1660245000.0,1660751100.0,104.09,103.94,13.375999999999458,20.266666666665845,0.9999999999999053,16.799999999999336,9.133333333332923
CVS,1,1660934100.0,1661175600.0,103.82799999999999,103.60799999999999,,0.4181818181818793,-3.6272727272726897,,-1
CVS,2,1661355000.0,1661435100.0,100.78200000000001,101.37400000000001,,0.763513513513536,,,-1
CVS,2,1661262300.0,1661435400.0,101.68700000000001,101.98200000000001,,4.600000000000019,-0.31525423728809754,,-0.31525423728809754
CVS,1,1661522400.0,1661522700.0,102.036,101.646,,0.21538461538462322,,,0.21538461538462322
CVS,2,1661540700.0,1661791500.0,100.498,100.628,,9.830769230769619,,1.523076923077034,-0.8615384615384515
CVS,2,1661867100.0,1662048000.0,100.12,100.37,,7.840000000000032,2.8799999999999955,,2.8799999999999955
CVS,1,1662139200.0,1662139800.0,99.76599999999999,99.50099999999999,,-0.4754716981131709,-0.815094339622617,,-1
JP225,1,1659612000.0,1659613200.0,28013.8,27988.8,,-0.1919999999999709,,,-1
JP225,2,1659670200.0,1659670500.0,27858.760000000002,27889.36,,-8.667973856209496,,,-1
JP225,2,1659683400.0,1659684300.0,28127.98,28142.780000000002,,0.7824324324321508,,,-0.7310810810809176
JP225,2,1659702900.0,1659707100.0,28050.07,28089.519999999997,,1.0435994930291836,,,-0.9817490494297192
JP225,2,1659917100.0,1659917400.0,28118.280000000002,28173.08,,-0.7649635036496133,,,-0.9948905109488599
JP225,1,1659963600.0,1659963900.0,28270.84,28253.74,,-1.2947368421053393,,,-1
JP225,2,1660018500.0,1660021800.0,27974.82,27992.02,,0.30930232558136533,,,-0.5395348837208397
JP225,1,1660177800.0,1660203000.0,28164.38,28108.86,,0.6884005763688261,,,-1
JP225,1,1660140300.0,1660567200.0,28012.93,27954.98,,15.352372735116257,11.143572044866131,6.782916307161256,11.143572044866131
JP225,1,1660311900.0,1660567200.0,28625.66,28577.820000000003,,5.788879598662603,0.6906354515050854,,0.6906354515050854
JP225,1,1660284900.0,1660567500.0,28552.24,28508.880000000005,,8.080258302583525,2.4552583025831787,,2.3422509225093364
JP225,2,1660609500.0,1660610400.0,28794.579999999998,28846.379999999997,,-0.07953667953673121,,,-0.9405405405405762
JP225,2,1660660800.0,1660662600.0,28831.82,28878.02,,-0.06883116883117404,,,-1
JP225,1,1660732200.0,1660735800.0,29043.94,29015.84,,0.7067615658363563,,,-1
JP225,2,1660779900.0,1660788300.0,28968.32,28993.02,,3.741700404858119,,,-1
JP225,2,1660802400.0,1660812300.0,28950.92,28971.12,,2.3227722772275525,,,-1
JP225,1,1660852500.0,1660865400.0,29107.059999999998,29087.159999999996,,0.6000000000000731,,,-0.5758793969848386
JP225,2,1660891800.0,1660892700.0,28899.94,28918.84,,-0.21481481481486758,,,-0.9873015873015036
JP225,2,1660936200.0,1660937400.0,28710.940000000002,28742.780000000002,,-0.5577889447235652,,,-0.8718592964823578
JP225,2,1660920300.0,1661134200.0,28817.9,28857.9,,5.305000000000018,0.5300000000000182,,0.5300000000000182
JP225,2,1661181300.0,1661183400.0,28578.66,28611.760000000002,,0.28580060422956205,,,-0.9135951661631301
JP225,2,1661190000.0,1661211900.0,28518.26,28533.359999999997,,4.586754966887753,,3.2291390728478873,-1
JP225,2,1661215500.0,1661217600.0,28441.14,28479.039999999997,,0.7952506596306373,,,-0.9778364116095896
JP225,2,1661238000.0,1661238300.0,28420.04,28442.940000000002,,-0.15982532751090053,,,-0.7930131004366244
JP225,2,1661326800.0,1661329800.0,28299.719999999998,28356.04,,0.19389204545450292,,,-1
JP225,2,1661301900.0,1661350500.0,28437.54,28464.940000000002,,5.800729927007076,,,-0.9656934306568512
JP225,2,1661385900.0,1661389200.0,28447.3,28482.8,,1.7239436619718516,,,-1
JP225,1,1661406600.0,1661407200.0,28516.96,28497.059999999998,,-0.1286432160802756,,,-1
JP225,1,1661517000.0,1661521800.0,28651.66,28632.76,,5.67936507936465,,5.67936507936465,-0.11957671957662568
JP225,1,1661776800.0,1661819400.0,28002.0,27982.5,,8.266666666666705,,,-1
JP225,1,1661862000.0,1661862600.0,28256.9,28228.9,,-0.16785714285716885,,,-1
JP225,1,1661904600.0,1661904900.0,27973.52,27937.22,,-0.4247933884298127,,,-0.9730027548209481
JP225,1,1661926500.0,1661926800.0,28109.38,28090.680000000004,,-1.0524064171124787,,,-1
JP225,2,1662022500.0,1662022800.0,27600.74,27632.58,,-0.4070351758793677,,,-0.8812814070350987
JP225,2,1661990400.0,1662059400.0,27789.34,27840.74,,4.5902723735407,0.4891050583657336,,0.4891050583657336
MRK,2,1662560400.0,1662561300.0,86.386,86.67099999999999,,-0.11929824561405766,,,-1
MRK,2,1662645900.0,1662646800.0,86.508,86.838,,0.2969696969696954,,,-1
MRK,2,1663011600.0,1663163400.0,87.692,87.81199999999998,8.536000000000646,17.266666666667962,3.100000000000249,8.016666666667222,3.100000000000249
MRK,2,1663249500.0,1663251900.0,86.412,86.632,,0.5090909090909526,,,-0.6727272727272586
MRK,1,1663338000.0,1663338600.0,87.21799999999999,86.99799999999999,,-0.218181818181763,,,-0.8090909090908363
MRK,1,1663355400.0,1663594800.0,87.426,87.286,,2.0999999999999694,-11.685714285714207,,-1
MRK,1,1663616100.0,1663681200.0,86.53999999999999,86.44,,2.200000000000256,,,-1
MRK,2,1663695600.0,1663702500.0,85.906,86.016,,2.2363636363637327,,,-1
MRK,1,1664549400.0,1664549700.0,87.018,86.898,,-1.0666666666666271,,,-1
GILD,1,1662731400.0,1663076400.0,65.018,64.798,9.816000000000068,14.872727272727374,4.918181818181814,11.645454545454594,4.918181818181814
GILD,2,1664211300.0,1664215200.0,62.448,62.528,,3.35000000000008,,,-1
PYPL,1,1662559200.0,1662736200.0,92.366,91.82600000000001,,9.45185185185199,6.507407407407496,5.729629629629703,6.507407407407496
PYPL,1,1662745200.0,1662745800.0,96.88799999999999,96.61599999999999,,-0.7279411764705487,,,-0.9852941176469889
PYPL,1,1662989700.0,1662993600.0,98.142,97.05400000000002,,0.990808823529433,,,-0.7555147058823696
PYPL,1,1662729900.0,1663072500.0,95.848,94.856,,3.3991935483870814,0.03225806451612533,3.0262096774193368,-1
PYPL,1,1663072200.0,1663072800.0,98.01,97.04999999999998,,-2.249999999999959,-3.5729166666665915,,-1
PYPL,2,1663149600.0,1663149900.0,95.56800000000001,95.84800000000001,,-2.649999999999954,,,-1
PYPL,1,1663177500.0,1663178100.0,96.74600000000001,96.35600000000001,,-0.40000000000001457,,,-1
PYPL,2,1663248000.0,1663248600.0,95.902,96.072,,5.482352941176428,,5.482352941176428,-1
PYPL,2,1663349400.0,1663351200.0,92.894,93.18400000000001,,0.3931034482758685,,,-0.572413793103425
PYPL,1,1663613100.0,1663668000.0,93.824,93.61399999999999,,4.647619047618867,,,-1
PYPL,1,1663766100.0,1663767000.0,92.38000000000001,91.93,,0.4222222222221829,,,-1
PYPL,1,1664285100.0,1664295300.0,85.036,84.346,,3.6144927536232,-0.617391304347831,,-0.617391304347831
IBM,1,1662573900.0,1662574500.0,127.62400000000001,127.41400000000002,,-0.1142857142857897,,,-1
IBM,2,1663336200.0,1663337400.0,124.55799999999999,124.98799999999999,,-0.027906976744187583,,,-1
IBM,1,1663865100.0,1663870800.0,125.742,125.56200000000001,,1.933333333333407,,,-1
PFE,2,1662557700.0,1662559800.0,45.620000000000005,45.82000000000001,,1.0,,,-0.9999999999999645
PFE,1,1662981000.0,1663010400.0,47.908,47.796,,3.053571428571366,,,-1
PFE,1,1662645600.0,1663073100.0,46.234,46.024,,9.599999999999953,4.504761904761876,,4.504761904761876
PFE,1,1663072500.0,1663073700.0,47.262,46.974,,0.5486111111111082,-0.28472222222222104,,-1
PFE,2,1663095300.0,1663151100.0,46.51,46.56,,7.9999999999992895,,4.799999999999488,6.39999999999946
PFE,2,1663259700.0,1663261200.0,45.903999999999996,45.99399999999999,,-0.06666666666667193,,,-1
PFE,1,1663355400.0,1663582200.0,46.08,45.98,,1.7999999999999716,,,-1
PFE,2,1663699500.0,1663701300.0,44.58,44.63,,1.199999999999801,,,-1
PFE,2,1663771800.0,1663772100.0,44.513999999999996,44.60399999999999,,-0.40000000000003155,,,-0.40000000000003155
PFE,2,1663945200.0,1664202000.0,43.988,44.068000000000005,,5.224999999999638,,,-1
PFE,2,1664213400.0,1664213700.0,43.711999999999996,43.831999999999994,,-0.6500000000000384,,,-0.9000000000000533
PFE,1,1664287200.0,1664292300.0,44.061,43.896,,1.509090909090931,,,-0.975757575757589
PFE,1,1664307000.0,1664359200.0,44.06,43.96000000000001,,0.1999999999999716,,,-1
MMM,1,1662644400.0,1662653100.0,117.694,117.084,,2.8622950819672077,0.6983606557377088,,0.7803278688524583
MMM,2,1663336200.0,1663337100.0,116.59,116.91000000000001,,-0.12499999999997224,,,-0.5624999999999639
MMM,2,1663699500.0,1663701600.0,115.512,116.10399999999998,,0.08783783783785146,,,-0.9594594594594809
MMM,2,1663095300.0,1663767600.0,121.946,122.156,16.424571428570804,33.83809523809393,22.314285714284836,3.7428571428570074,22.314285714284836
MMM,2,1663783500.0,1663785600.0,116.372,117.14200000000001,,1.2233766233765981,,,-1
MMM,2,1664210700.0,1664211000.0,112.628,112.808,,0.2111111111110848,,,-0.7333333333333333
MMM,1,1664372700.0,1664458800.0,113.292,112.562,,1.6958904109588941,-1.6465753424657419,,-1
MMM,2,1664475900.0,1664476500.0,111.952,112.122,,0.6588235294117273,,,-0.39999999999998326
MCD,1,1662648300.0,1662652800.0,259.42,259.12,,4.966666666666509,,,-1
MCD,2,1662739800.0,1662744900.0,258.71,259.26,,0.9090909090908903,,,-1
MCD,1,1663681200.0,1663683000.0,256.03,255.33,,0.10000000000007714,,,-1
MCD,1,1663702200.0,1663783200.0,254.552,254.322,,9.339130434783007,,9.29565217391348,-1
MCD,2,1664210700.0,1664219100.0,243.918,244.68600000000004,,1.677083333333284,,,-1
MCD,2,1663942200.0,1664384100.0,248.296,249.106,,17.00740740740734,12.686419753086362,,12.686419753086362
TMO,1,1662561600.0,1662561900.0,547.304,546.144,,-0.6758620689655287,,,-0.9086206896551746
TMO,1,1662572700.0,1662644400.0,551.756,551.116,,3.084375000000138,,,2.7562500000000743
TMO,1,1662752100.0,1662990000.0,569.5120000000001,568.582,,1.309677419354707,,,-1
TMO,2,1663095900.0,1663162800.0,563.448,564.228,,3.0487179487179645,,,-0.4128205128205308
TMO,1,1663355400.0,1663355700.0,541.534,540.274,,-0.5984126984127179,,,-1
TMO,2,1663700100.0,1663701900.0,531.668,532.848,,0.7271186440678791,,,-0.7559322033898109
TMO,2,1663783500.0,1663785300.0,532.345,534.82,,0.8787878787878983,,,-0.6282828282828024
TMO,1,1664199600.0,1664199900.0,519.788,518.8679999999999,,-1.4217391304346623,,,-1
TMO,2,1664289300.0,1664290200.0,512.0790000000001,513.6940000000001,,0.46996904024771957,,,-0.6074303405571984
TMO,1,1664305200.0,1664306100.0,510.428,508.858,,-0.3426751592356772,,,-0.4382165605095485
MSFT,1,1662555000.0,1662560400.0,254.054,253.294,,2.086842105263162,,,-0.6894736842105358
MSFT,1,1662641700.0,1662643800.0,256.62800000000004,256.25800000000004,,2.194594594594446,,,-1
MSFT,2,1662644100.0,1662644400.0,256.25,257.1,,0.2588235294117899,,,-1
MSFT,1,1662977700.0,1663072200.0,265.454,264.344,,3.3297297297296615,,2.8162162162161604,-1
MSFT,2,1663162500.0,1663163100.0,252.136,253.67199999999997,,-0.04166666666666281,,,-0.5364583333333508
MSFT,2,1663095300.0,1663614900.0,254.448,254.87800000000001,,30.87906976744142,23.320930232557817,2.62325581395348,23.320930232557817
MSFT,2,1663249800.0,1663614900.0,250.38,252.46,,4.427884615384593,2.865384615384602,,2.865384615384602
MSFT,2,1663180200.0,1663615200.0,251.34,252.85999999999999,,6.690789473684301,4.552631578947433,,4.440789473684264
MSFT,2,1663681200.0,1663681500.0,241.85,242.64999999999998,,-0.45000000000002666,,,-1
MSFT,1,1663763700.0,1663783200.0,243.474,242.46399999999997,,2.4613861386138325,,,-1
MSFT,1,1664196900.0,1664198700.0,237.518,236.798,,1.002777777777791,,,-1
MSFT,1,1664287200.0,1664292000.0,238.94299999999998,238.19799999999998,,1.2577181208053774,,,-1
MSFT,2,1664360100.0,1664361600.0,235.328,236.63299999999998,,0.19003831417624104,,,-0.46130268199234775
MSFT,1,1664454900.0,1664460000.0,236.872,235.792,,2.6925925925925496,-1.4925925925925967,,-1
MSFT,2,1664475600.0,1664475900.0,234.722,235.092,,0.2486486486486806,,,-1
REGN,1,1662645000.0,1662744600.0,582.294,580.434,,91.00322580645093,79.4655913978489,59.266666666666225,79.4655913978489
REGN,1,1663767600.0,1663767900.0,704.0,702.3000000000001,,-0.7176470588235743,,,-0.7176470588235743
REGN,1,1663783200.0,1663783500.0,703.816,701.176,,-1.7181818181818491,,,-1
REGN,1,1663874400.0,1663940400.0,693.386,690.196,,0.33981191222573043,,,-1
REGN,1,1663952700.0,1663953900.0,693.0419999999999,691.762,,0.9359375000000925,,,-1
REGN,2,1664212800.0,1664215500.0,684.964,686.5540000000001,,1.0213836477987366,,,-1
REGN,2,1664307600.0,1664372400.0,694.444,696.134,,-0.8378698224852118,,,-1
REGN,2,1664474700.0,1664475000.0,687.65,688.8,,-0.33043478260869824,,,-1
AMGN,2,1663011600.0,1663353000.0,237.948,238.228,,42.63571428571417,29.70714285714278,18.778571428571386,29.70714285714278
AMGN,2,1663336500.0,1663353300.0,229.104,229.88800000000003,,2.734693877550957,-0.6709183673468986,,-0.8749999999999502
AMGN,2,1663943700.0,1664204100.0,228.414,229.179,,4.920261437908378,0.5281045751633837,,0.5281045751633837
AMGN,1,1664286900.0,1664292300.0,228.43200000000002,227.60200000000003,,1.5518072289156712,,,-1
AMGN,2,1664474700.0,1664479800.0,227.836,228.14600000000002,,2.6967741935484084,,,-1
CVS,1,1663010700.0,1663076400.0,102.61200000000001,102.28200000000001,,0.7515151515151265,-1.5818181818182069,,-1
CVS,2,1663162800.0,1663249200.0,101.55,101.7,,8.133333333333017,-3.2666666666666035,,-1
CVS,2,1663180200.0,1663249500.0,100.92800000000001,101.376,,1.334821428571478,-2.4821428571428825,,-1
CVS,2,1663250700.0,1663251000.0,102.706,103.09100000000001,,0.9246753246753351,0.6649350649350567,,0.9246753246753351
CVS,2,1663352100.0,1663352700.0,101.21600000000001,101.376,,0.10000000000003553,,,-1
CVS,2,1663613700.0,1663614000.0,100.934,101.074,,-0.6857142857143089,,,-1
CVS,2,1664212500.0,1664213400.0,97.094,97.33399999999999,,0.10000000000000592,,,-1
JP225,1,1662353100.0,1662353400.0,27660.68,27644.48,,-0.08518518518524423,,,-1
JP225,2,1662438300.0,1662447600.0,27609.089999999997,27656.239999999994,,0.09946977730636838,,,-1
JP225,1,1662471900.0,1662472200.0,27653.12,27618.32,,-0.24195402298846064,,,-1
JP225,2,1662472500.0,1662475800.0,27630.3,27666.3,,2.647222222222202,,,-1
JP225,1,1662573900.0,1662623700.0,27693.16,27663.260000000002,8.567638795987236,12.981270903010962,8.275585284281497,6.610033444816517,8.275585284281497
JP225,2,1662637800.0,1662638700.0,27927.64,27947.04,,0.3731958762885268,,,-1
JP225,1,1662703200.0,1662705600.0,28228.8,28196.0,,0.22256097560973886,,,-1
JP225,1,1662712200.0,1662717900.0,28282.5,28234.5,,0.2562499999999848,,,-1
JP225,1,1662728400.0,1662729900.0,28270.5,28229.7,,0.009803921568663292,,,-1
JP225,1,1662994800.0,1662998100.0,28585.8,28545.8,,0.7449999999999818,,,-1
JP225,1,1663027800.0,1663028100.0,28607.719999999998,28540.04,,-0.6193853427896029,,,-0.6193853427896029
JP225,1,1662683100.0,1663072500.0,28100.08,28062.38,9.951119363395003,15.077453580901519,6.231299734747844,,6.231299734747844
JP225,2,1663179600.0,1663185300.0,27897.14,27941.54,,1.2756756756756207,,,-0.9788288288287771
JP225,2,1663236000.0,1663236600.0,27882.36,27893.46,,0.14954954954955604,,,-0.760360360360342
JP225,2,1663249200.0,1663249500.0,27825.54,27849.94,,-0.21147540983607852,,,-1
JP225,2,1663317300.0,1663322100.0,27529.7,27544.7,,1.9333333333333333,,,-0.3933333333331878
JP225,2,1663568100.0,1663568400.0,27501.9,27521.9,,-1.1399999999999637,,,-1
JP225,1,1663659000.0,1663659600.0,27712.16,27672.260000000002,,-0.03157894736838266,,,-1
JP225,2,1663701600.0,1663701900.0,27429.3,27453.3,,-0.4499999999999697,,,-0.4541666666667273
JP225,2,1663742700.0,1663752600.0,27291.059999999998,27371.219999999998,,0.8178642714570583,,,-1
JP225,2,1663689600.0,1663777800.0,27537.66,27557.760000000002,10.25002985074515,15.530348258704773,-0.8925373134326737,9.81393034825756,-0.8925373134326737
JP225,2,1663909500.0,1663913400.0,26947.219999999998,26982.42,,0.4465909090908296,,,-0.9738636363636866
JP225,2,1663952400.0,1663953300.0,26619.36,26649.96,,0.6196078431372558,,,-1
JP225,2,1664164200.0,1664175900.0,26512.66,26547.760000000002,,2.178347578347418,,,-1
JP225,1,1664176500.0,1664185200.0,26520.38,26471.18,,2.146747967479622,,,-0.6052845528455698
JP225,1,1664266200.0,1664269200.0,26615.96,26566.059999999998,,0.39158316633267143,,,-1
JP225,1,1664283300.0,1664283600.0,26600.62,26575.82,,-0.3032258064516394,,,-0.9967741935483166
JP225,2,1664459400.0,1664466600.0,26204.15,26234.4,,4.745454545454642,,,-1
JP225,2,1664540700.0,1664546100.0,26060.4,26085.4,,2.3920000000001163,,,-0.4
PG,1,1662575700.0,1662578100.0,137.36599999999999,137.176,,0.021052631579048145,,,-0.8210526315788387
PG,1,1663006500.0,1663006800.0,141.534,141.19799999999998,,-0.4880952380951817,,,-0.6666666666666102
PG,1,1662732000.0,1663077600.0,137.73000000000002,137.43000000000004,8.646000000000445,13.100000000000673,6.400000000000322,6.066666666666989,6.400000000000322
PG,2,1663096800.0,1663163400.0,138.776,138.98600000000002,,3.3619047619047167,,,-1
PG,2,1663249500.0,1663339200.0,137.756,138.216,,2.339130434782554,,,-0.6826086956521468
PG,1,1663350600.0,1663594800.0,138.4,138.1,,1.733333333333207,,,-1
PG,2,1663685700.0,1663689000.0,137.398,137.77800000000002,,0.33684210526309966,,,-1
PG,2,1663696800.0,1663697100.0,136.87199999999999,136.99199999999996,,-0.4000000000000947,,,-1
PG,2,1664204400.0,1664204700.0,136.526,137.011,,0.032989690721690806,-0.23505154639171005,,0.032989690721690806
PG,2,1664557500.0,1664558700.0,127.348,127.528,,0.43333333333333335,,,-0.7333333333333333
ABBV,2,1662561000.0,1662572400.0,137.562,138.032,,0.5148936170213175,,,-1
ABBV,2,1662990300.0,1662992400.0,141.664,141.97899999999998,,1.3142857142856834,,,-1
ABBV,2,1663177800.0,1663180200.0,138.54,139.17999999999995,,0.20312500000000625,,,-1
ABBV,2,1663094700.0,1663250100.0,140.43200000000002,140.65200000000002,7.356000000000118,11.145454545454724,-0.6272727272726251,6.645454545454659,-0.6272727272726251
ABBV,2,1663696800.0,1663698000.0,141.262,141.482,,-0.12727272727268968,,,-1
ABBV,2,1664203200.0,1664203500.0,140.601,140.936,,-1.1611940298507486,,,-1
ABBV,2,1664213400.0,1664215200.0,140.776,141.23600000000002,,0.2304347826087416,,,-0.9217391304347192
ABBV,2,1664464500.0,1664466600.0,142.929,143.244,,1.1079365079364827,,,-0.7650793650793244
ABBV,2,1664479800.0,1664480100.0,142.254,142.44400000000002,,-0.0315789473684179,,,-0.5578947368421493
ADP,1,1662571500.0,1662653400.0,237.928,237.658,7.949333333333056,13.45185185185136,1.5629629629628927,,1.5629629629628927
ADP,1,1663076400.0,1663077000.0,240.67000000000002,239.89500000000004,,-0.47741935483872955,-0.47741935483872955,,-0.6322580645161593
ADP,2,1663269600.0,1663335900.0,229.91400000000002,230.618,,0.332386363636386,,,-0.6903409090909152
ADP,2,1663250400.0,1663598400.0,234.614,235.554,,5.2808510638297985,0.6319148936170165,,0.6319148936170165
ADP,1,1663681200.0,1663681500.0,234.08599999999998,233.19599999999997,,-0.714606741573017,,,-1
ADP,1,1663783200.0,1663783500.0,233.96200000000002,233.48200000000003,,-1.79583333333342,-1.79583333333342,,-1
ADP,1,1663874100.0,1663874700.0,231.594,230.98399999999998,,-0.367213114754073,,,-0.44918032786884393
ADP,2,1663955100.0,1663955700.0,229.20000000000002,229.70000000000002,,-0.15999999999996817,,,-0.8999999999999773
ADP,1,1664287200.0,1664292300.0,229.6,228.64999999999998,,1.505263157894717,,,-0.8947368421052411
BMY,1,1662491700.0,1662492000.0,68.738,68.66799999999999,,0.028571428571358966,,,-0.5428571428570385
BMY,1,1662662700.0,1662663300.0,69.312,69.232,,-0.02499999999994227,,,-1
BMY,2,1663180200.0,1663249200.0,70.426,70.536,,3.054545454545457,,,-1
BMY,2,1663252200.0,1663252500.0,71.34,71.54,,0.0,-0.24999999999998224,,0.0
BMY,1,1663355700.0,1663594800.0,71.43,71.28000000000002,,1.4666666666667425,-12.000000000000759,,-1
BMY,2,1663613700.0,1663614000.0,69.69800000000001,69.778,,-0.6499999999999201,,,-1
BMY,2,1663784700.0,1663785000.0,69.52900000000001,69.79400000000001,,-0.45660377358488624,,,-1
BMY,2,1664213400.0,1664215800.0,70.11,70.31,,0.9499999999999751,,,-0.9499999999999751
BMY,2,1664307600.0,1664372400.0,70.144,70.284,,-0.04285714285714431,-8.82857142857132,,-1
T,2,1662558600.0,1662558900.0,16.824,16.864,,-0.3999999999999645,,,-1
T,2,1662739500.0,1662739800.0,16.740000000000002,16.790000000000003,,-3.5999999999999432,,,-1
T,1,1663007400.0,1663076400.0,17.272000000000002,17.242000000000004,,2.266666666666777,,,-0.06666666666675351
T,1,1663176900.0,1663177500.0,16.817999999999998,16.798,,0.10000000000012435,,,-1
T,2,1663261200.0,1663261500.0,16.707,16.752000000000002,,-1.1777777777777514,,,-1
T,2,1663872600.0,1663873200.0,16.222,16.242,,-0.3999999999999645,,,-0.8999999999998757
T,1,1664372700.0,1664458800.0,15.743,15.698,,2.822222222222202,-5.177777777777798,,-1
T,1,1664545500.0,1664545800.0,15.502,15.472000000000001,,1.6000000000000356,,,1.6000000000000356
CMCSA,1,1662558900.0,1662644400.0,34.866,34.726,,1.1714285714285773,-4.971428571428537,,-1
CMCSA,1,1662748200.0,1663076400.0,35.23,35.129999999999995,,5.899999999999951,-2.699999999999922,,-1
CMCSA,2,1663170600.0,1663170900.0,34.2,34.25,,-1.0,-1.0,,-1
CMCSA,2,1663260000.0,1663261800.0,34.198,34.378,,0.15555555555554854,-0.8444444444444514,,-0.8444444444444514
CMCSA,2,1663959900.0,1663962000.0,31.546,31.721999999999998,,0.20454545454544398,,,-0.9886363636363699
CMCSA,2,1663614600.0,1664286000.0,34.222,34.342000000000006,,32.01666666666547,26.016666666665678,9.099999999999644,26.016666666665678
LLY,1,1662579000.0,1662644400.0,311.85200000000003,311.22200000000004,,-0.08253968253971634,,,-1
LLY,1,1662644400.0,1662645000.0,309.574,308.664,,0.5560439560439098,,,-0.059340659340691194
LLY,1,1662990600.0,1662990900.0,319.156,318.11600000000004,,-1.0538461538461943,,,-1
LLY,1,1663010700.0,1663076400.0,315.911,314.64599999999996,,0.19683794466404358,-5.115415019762674,,-1
LLY,1,1663166700.0,1663176000.0,309.61400000000003,308.80400000000003,,2.2296296296296028,,,-0.980246913580293
LLY,2,1663177800.0,1663180800.0,308.526,309.48600000000005,,0.6,,,-0.7541666666666272
LLY,2,1663785300.0,1663785600.0,300.784,302.274,,0.36510067114092576,,,-0.7221476510067216
LLY,1,1663960800.0,1664199600.0,311.144,310.38399999999996,,0.4289473684210544,,,-1
LLY,1,1664287500.0,1664295000.0,310.214,308.904,,2.2030534351145183,,,-0.506870229007623
LLY,1,1664307000.0,1664307300.0,310.834,309.974,,-0.6906976744185869,,,-1
LLY,2,1664475900.0,1664479200.0,328.58,329.37999999999994,,1.4875000000000818,,,-0.6250000000000355
MO,1,1662739200.0,1662990000.0,45.226,45.135999999999996,,4.599999999999842,-2.2888888888887573,,-1
MO,1,1663268700.0,1663269900.0,41.966,41.876,,0.26666666666666666,,,-1
MO,1,1663864200.0,1663874400.0,43.458,43.337999999999994,,1.3499999999999408,,,-0.8166666666666272
MO,2,1663875300.0,1664201100.0,43.422,43.541999999999994,14.201000000000267,21.51666666666707,13.850000000000287,8.600000000000154,13.850000000000287
MO,2,1664460900.0,1664463900.0,41.178,41.30799999999999,,1.0615384615384842,,,-0.9384615384615704
ABT,1,1662558300.0,1662558900.0,103.192,102.91199999999999,,-0.29285714285711895,,,-1
ABT,1,1662746100.0,1662746400.0,108.53399999999999,108.374,,-0.2749999999999867,,,-0.6499999999999201
ABT,1,1663167300.0,1663168800.0,106.498,106.17800000000001,,0.16249999999998002,,,-0.9625000000000422
ABT,1,1663353300.0,1663594800.0,103.934,103.52399999999999,,0.9658536585365619,-2.253658536585288,,-1
ABT,2,1664215200.0,1664218800.0,99.836,100.14599999999999,,0.8903225806451834,,,-0.9483870967742202
ABT,2,1664480100.0,1664545200.0,98.156,98.266,,1.2363636363637327,,,0.8727272727273103
AAPL,2,1662643800.0,1662644700.0,155.042,155.512,,1.4510638297872118,,,-0.6553191489361563
AAPL,1,1662747900.0,1662748500.0,157.30599999999998,157.11599999999999,,0.9157894736842562,,,-0.7684210526315175
AAPL,1,1663163400.0,1663175400.0,155.255,154.82999999999998,,3.8470588235292875,,,-0.5294117647058548
AAPL,2,1663236000.0,1663236300.0,154.704,155.19400000000002,,-1.6040816326530343,,,-1
AAPL,2,1663261500.0,1663356000.0,154.084,154.574,7.6021224489794585,11.518367346938573,6.375510204081505,,6.375510204081505
AAPL,2,1663270800.0,1663595700.0,151.972,152.56400000000002,,5.966216216216104,1.7094594594594228,,1.5067567567567168
AAPL,2,1663959900.0,1663961400.0,149.43,149.93,,-0.15999999999996817,,,-1
AAPL,1,1664286300.0,1664287200.0,153.663,152.968,,0.3122302158273062,,,-1
AAPL,1,1664292300.0,1664294400.0,151.97,151.42,,0.39999999999998964,-0.7636363636363251,,-0.7999999999999793
AAPL,1,1664304600.0,1664305200.0,152.106,151.71599999999998,,0.06153846153846154,,,-1
AAPL,2,1664543100.0,1664544600.0,141.578,142.008,,0.9488372093023465,,,-1
LMT,1,1662751200.0,1662990000.0,422.298,421.228,,0.6,,,-1
LMT,2,1663078500.0,1663173600.0,419.006,420.116,,9.500900900900778,3.852252252252163,4.284684684684606,3.852252252252163
LMT,2,1663250400.0,1663596900.0,413.998,415.678,,1.9154761904761932,-1.1023809523809671,,-1
LMT,1,1663854000.0,1663854300.0,417.51399999999995,416.45399999999995,,-1.569811320754648,-1.569811320754648,,-1
LMT,1,1663960800.0,1664199600.0,411.344,410.38399999999996,,1.3604166666665976,,,-1
LMT,2,1664212500.0,1664213400.0,408.184,408.824,,1.0375000000000911,,,-0.9312499999999367
ADBE,2,1663951500.0,1663952700.0,283.514,285.258,,-0.141055045871551,,,-0.8061926605504753
ADBE,2,1663009800.0,1664199600.0,394.906,396.19100000000003,,88.7361867704263,83.48326848248865,13.1175097276262,83.48326848248865
ADBE,2,1663177800.0,1664199600.0,371.114,373.2579999999999,,42.08675373134428,38.93843283582182,21.9188432835826,38.93843283582182
ADBE,2,1663095300.0,1664199900.0,374.182,375.33400000000006,,80.99131944444139,75.13194444444161,1.477430555555498,74.8628472222194
ADBE,1,1664200800.0,1664201400.0,285.294,283.834,,-0.04383561643833248,,,-0.4890410958904169
ADBE,2,1664304000.0,1664372400.0,277.056,277.91599999999994,,1.7511627906977296,,,-1
ADBE,1,1664372700.0,1664373900.0,277.41400000000004,276.15400000000005,,-0.0031746031746183556,,,-1
JPM,1,1663076400.0,1663077900.0,118.092,117.562,,0.6377358490566176,0.0905660377358523,,-0.8339622641509286
JPM,2,1663095300.0,1663162800.0,116.822,117.09200000000001,,2.822222222222117,,2.822222222222117,-1
JPM,2,1663184400.0,1663249200.0,115.51,115.91000000000001,,-0.2249999999999698,,,-1
JPM,1,1663355400.0,1663356600.0,116.694,116.48400000000001,,0.3619047619047413,,,0.17142857142858303
JPM,2,1663684800.0,1664200200.0,116.798,117.12800000000001,,29.236363636362515,24.599999999999053,5.9333333333331035,24.599999999999053
JPM,2,1664206200.0,1664286000.0,107.25999999999999,107.55999999999999,,4.166666666666659,,2.166666666666659,-0.8000000000000379
JPM,1,1664286600.0,1664287200.0,107.00399999999999,106.69399999999999,,0.7290322580645537,,,-0.787096774193496
JPM,1,1664385900.0,1664387100.0,107.978,107.60799999999999,,-0.15675675675673517,,,-0.9945945945945689
JPM,1,1664546400.0,1664547300.0,106.438,106.06800000000001,,0.1675675675675655,,,-0.6702702702703004
BAC,1,1662994800.0,1662998100.0,35.199999999999996,35.099999999999994,,0.6000000000000142,,,-1
BAC,2,1663095300.0,1663150800.0,34.148,34.228,,3.35000000000008,,2.7250000000001022,-0.7749999999999867
BAC,2,1663166400.0,1663167000.0,33.836000000000006,33.946000000000005,,0.23636363636366808,,,-1
BAC,1,1663330200.0,1663332900.0,34.114,33.95399999999999,,0.35000000000001996,-0.5249999999999634,,0.35000000000001996
BAC,1,1663616400.0,1663669500.0,34.64,34.589999999999996,,0.0,,,-1
BAC,2,1664360100.0,1664369100.0,30.418,30.622999999999998,,1.2585365853658599,,,-0.5951219512195166
BAC,2,1664459100.0,1664463900.0,30.508000000000003,30.638000000000005,,2.292307692307661,,,-1
BAC,1,1664536200.0,1664537700.0,30.772,30.592,,0.10000000000000395,,,-0.6222222222222139
BAC,1,1664546400.0,1664547300.0,30.916,30.776,,0.09999999999999493,,,-0.6857142857142835
AMD,2,1663249200.0,1663249500.0,76.214,76.67799999999998,,-0.8534482758620994,,,-1
AMD,2,1662989400.0,1663262400.0,85.148,85.878,,13.887671232876624,10.134246575342406,1.1616438356164307,10.134246575342406
AMD,2,1663236600.0,1663262700.0,77.198,77.96600000000001,,2.848958333333263,-0.7187499999999948,,-0.7187499999999948
AMD,2,1663338600.0,1663596600.0,76.252,76.797,,2.3522935779816376,,,-0.803669724770644
AMD,2,1663767600.0,1663767900.0,74.84,75.09,,-0.5199999999999818,,,-1
AMD,2,1664303700.0,1664304000.0,66.93,67.25000000000001,,-0.46874999999996253,,,-0.9062499999999543
AMD,2,1663869900.0,1664373300.0,70.34,70.59,7.629600000000002,18.160000000000025,10.0,10.840000000000032,10.0
AMD,1,1664393700.0,1664445600.0,68.524,68.36399999999999,,0.41249999999998777,,,-1
ORCL,2,1662560400.0,1662561000.0,73.604,73.84400000000001,,0.225,,,-0.6083333333333136
ORCL,1,1662574500.0,1662644400.0,74.266,74.02600000000001,,1.3500000000000207,,,0.10000000000000592
ORCL,1,1663008600.0,1663011600.0,77.05199999999999,76.972,,3.35000000000008,,,0.10000000000012435
ORCL,2,1663605300.0,1663605600.0,68.214,68.304,,-0.955555555555503,,,-1
ORCL,2,1664205600.0,1664286000.0,63.86,64.01,,2.9999999999999054,,,-0.9333333333333017
ORCL,1,1664287200.0,1664287500.0,63.583999999999996,63.324,,-0.09230769230766918,,,-0.9769230769230759
ORCL,1,1664378700.0,1664458800.0,62.730000000000004,62.480000000000004,,1.5999999999999943,-3.8000000000000114,,-1
ORCL,1,1664547300.0,1664547900.0,61.29,61.13999999999999,,-0.2,,,-0.33333333333330173
ATVI,1,1662559800.0,1662560700.0,77.00999999999999,76.91,,-0.09999999999991474,,,-0.5
ATVI,1,1662644400.0,1662644700.0,77.248,77.12800000000001,,-0.48333333333343004,,,-0.8166666666667239
ATVI,1,1662998100.0,1662998400.0,78.33,78.18,,-0.5333333333333523,,,-1
ATVI,2,1663597500.0,1663681800.0,75.986,76.096,,4.236363636363732,-0.12727272727268968,3.8727272727273103,-0.12727272727268968
ATVI,2,1663767900.0,1663768200.0,74.931,75.066,,-1.1037037037036685,,,-1
ATVI,1,1664385000.0,1664458800.0,75.25,75.1,,1.6666666666666035,-1.9333333333333018,,-1
ATVI,2,1664562600.0,1664562900.0,74.756,74.816,,-0.5666666666667456,,,-0.5666666666667456
BABA,1,1662566100.0,1662568200.0,89.552,89.17200000000001,,0.3368421052631622,,,-0.7421052631579318
BABA,1,1662578400.0,1662631500.0,90.326,90.136,,2.0736842105263693,,,-1
BABA,1,1662742800.0,1662748500.0,92.41799999999999,92.24799999999999,,2.129411764705914,,,-0.22352941176468424
BABA,2,1663166100.0,1663167000.0,88.40599999999999,88.76599999999999,,0.09999999999996448,,,-1
BABA,1,1663238100.0,1663248600.0,88.816,88.126,,1.223188405797097,,,1.223188405797097
BABA,2,1663346400.0,1663594500.0,86.19,86.53999999999999,,3.542857142857186,,,-1
BABA,2,1663594200.0,1663594800.0,85.782,86.57400000000001,,-0.4141414141414096,-1.2853535353535106,,-1
BABA,1,1663684200.0,1663685700.0,88.17399999999999,87.43799999999999,,-0.23641304347824918,,,-0.8885869565217291
BABA,1,1663608600.0,1663694100.0,86.88,86.63,,6.28000000000003,,,-0.7599999999999909
BABA,1,1664213100.0,1664293800.0,78.922,78.467,,2.391208791208818,,,-1
GOOGL,1,1662559800.0,1662653100.0,107.196,106.556,,4.2093750000000005,0.6468750000000018,,0.6468750000000018
GOOGL,2,1662657000.0,1662730800.0,108.212,108.58200000000001,,1.167567567567559,-3.0216216216215708,,-1
GOOGL,1,1662991200.0,1662993900.0,111.048,110.778,,1.674074074074092,,,-0.5851851851851985
GOOGL,2,1663162800.0,1663175700.0,104.83200000000001,105.20200000000001,,2.897297297297269,,,-0.7243243243242788
GOOGL,2,1663697100.0,1663700400.0,101.006,101.502,,0.05241935483870263,,,-0.6935483870967691
GOOGL,2,1663261200.0,1664200200.0,103.918,104.34800000000001,,14.948837209302114,11.181395348837048,3.57674418604648,11.181395348837048
GOOGL,1,1664372700.0,1664373300.0,97.954,97.54399999999998,,0.0878048780487815,,,-1
INTC,2,1662549900.0,1662557400.0,30.346,30.406000000000002,,2.4333333333332545,,,-1
INTC,1,1662577200.0,1662631200.0,30.656,30.616,,1.85000000000008,,,-0.8999999999999645
INTC,1,1662662400.0,1662663000.0,30.636000000000003,30.546000000000003,,0.04444444444441988,,,-0.17777777777779796
INTC,1,1662751200.0,1663003200.0,31.407999999999998,31.337999999999997,,5.60000000000002,,3.0285714285714636,-1
INTC,2,1663003500.0,1663005000.0,31.332,31.502,,-0.2235294117647098,,,-1
INTC,2,1663177800.0,1663249500.0,29.218,29.298,,2.725000000000058,,,-1
INTC,1,1663250400.0,1663252200.0,29.216,29.076,,0.8142857142856911,,,-0.9714285714285874
INTC,2,1663269600.0,1663337400.0,28.756,28.816000000000003,,4.433333333333195,,,-1
INTC,1,1663338000.0,1663345500.0,28.76,28.61,,2.4666666666666144,,,-0.7999999999999953
INTC,1,1663600800.0,1663601700.0,29.138,28.945999999999998,,-0.3541666666666671,,,-0.9791666666666601
INTC,1,1663582500.0,1663684200.0,28.939999999999998,28.839999999999996,,4.599999999999943,-0.6999999999999573,,-0.6999999999999573
INTC,2,1663695600.0,1663697100.0,28.742,28.812,,0.6000000000000203,,,-1
INTC,1,1663874400.0,1663927200.0,28.222,28.142000000000003,,0.4750000000000133,-5.4000000000001425,,-1
INTC,1,1664186400.0,1664186700.0,27.419999999999998,27.319999999999997,,-0.9999999999999645,,,-0.9999999999999645
INTC,1,1664278800.0,1664283600.0,27.262,27.182000000000002,,1.3500000000000356,,,-0.9000000000000089
INTC,2,1664475600.0,1664476500.0,26.136,26.232,,0.16666666666664817,,,-0.8749999999999953
PM,2,1662559200.0,1662560700.0,93.89999999999999,94.19999999999999,,0.13333333333330807,,,-0.7666666666666871
PM,2,1663249500.0,1663249800.0,93.198,93.37799999999999,,-0.7333333333333912,,,-0.9000000000000711
PM,1,1663267500.0,1663267800.0,94.12,93.97000000000001,,-0.6666666666667614,,,-1
PM,1,1663596000.0,1663601700.0,94.51599999999999,94.326,,2.863157894736935,-1.294736842105253,,-1
PM,1,1663681200.0,1663696800.0,94.962,94.73200000000001,,6.860869565217709,2.0782608695652858,,2.0782608695652858
PM,2,1664306700.0,1664375400.0,87.164,87.354,,1.810526315789539,,,-1
F,1,1662559800.0,1662644400.0,15.028,14.958,,5.742857142857109,0.8857142857142734,,0.8857142857142734
F,1,1662994800.0,1662999000.0,15.484,15.424000000000001,,1.1000000000000356,,,-0.5666666666666903
F,2,1663180500.0,1663249200.0,14.606,14.666,,1.9333333333333116,-3.2333333333333205,,-1
F,2,1663598400.0,1663598700.0,14.882,14.902000000000001,,0.5999999999999822,0.09999999999993783,,0.5999999999999822
F,2,1663783500.0,1663785300.0,13.264000000000001,13.354000000000001,,1.2666666666666773,,,-0.6222222222222139
F,2,1663871400.0,1663872600.0,12.777999999999999,12.807999999999998,,0.5999999999999763,,,-0.40000000000002367
AVGO,1,1662565800.0,1662566700.0,503.284,502.224,,0.24150943396229066,,,-0.5226415094339363
AVGO,1,1662998100.0,1663076400.0,525.389,523.754,,1.3584097859327315,-8.482568807339513,,-1
AVGO,2,1663162800.0,1663163100.0,504.118,505.498,,-0.08840579710145978,,,-0.08840579710145978
AVGO,1,1663353600.0,1663602000.0,495.45599999999996,493.91599999999994,,2.9246753246752983,,,-0.8545454545454264
MA,2,1662560700.0,1662561000.0,322.83799999999997,323.91799999999995,,-0.5666666666666965,,,-0.5666666666666965
MA,1,1662994800.0,1662998100.0,336.932,336.002,,0.739784946236541,,,-0.5397849462365655
MA,2,1663871100.0,1663871700.0,296.92,297.55999999999995,,-0.3593749999999792,,,-1
MA,2,1663959900.0,1663961400.0,291.62,292.97999999999996,,-0.03676470588236247,,,-0.8382352941176636
MA,2,1663095300.0,1664286000.0,329.17,329.77000000000004,,66.93333333333084,56.299999999997915,3.8166666666665563,56.299999999997915
MA,2,1663180800.0,1664286300.0,325.108,327.236,,16.963345864661772,13.965225563909875,4.388157894736882,14.980263157894829
MA,2,1664373000.0,1664376000.0,284.162,285.782,,1.7296296296296025,,,-1
MA,2,1664476500.0,1664480100.0,286.058,286.63800000000003,,2.5482758620688006,,,-0.796551724137856
DE30,2,1662393300.0,1662393600.0,12737.6,12746.6,,-0.2777777777777778,,,-1
DE30,1,1662419400.0,1662422400.0,12760.84,12746.740000000002,,0.30212765957451476,,,-1
DE30,1,1662451200.0,1662451800.0,12787.53,12760.58,,0.14730983302409045,,,-0.9769944341372622
DE30,1,1662528900.0,1662530400.0,12725.699999999999,12711.199999999999,,0.5655172413793605,,,-1
DE30,1,1662616800.0,1662618300.0,12987.3,12979.8,,4.360000000000097,,,-0.7466666666664726
DE30,1,1662699900.0,1662701400.0,12911.16,12903.26,,0.043037974683564705,,,-1
DE30,1,1662728400.0,1662729600.0,13091.02,13060.220000000001,,0.025324675324638127,,,-1
DE30,1,1663028100.0,1663032900.0,13402.48,13379.28,,0.410344827586245,,,-1
DE30,2,1663037700.0,1663049100.0,13389.78,13407.080000000002,,1.345664739884346,,,-1
DE30,1,1663052700.0,1663053000.0,13406.28,13393.580000000002,,-0.5181102362205112,,,-1
DE30,1,1663064400.0,1663072200.0,13449.08,13419.88,,2.805479452054727,,,-1
DE30,2,1663135500.0,1663135800.0,13057.84,13073.740000000002,,-0.01635220125787387,,,-1
DE30,1,1663173900.0,1663176900.0,13061.1,13047.1,,1.492857142857117,,,-1
DE30,1,1663229700.0,1663237800.0,13053.52,13020.72,,0.584756097560965,,,-1
DE30,1,1663540200.0,1663540500.0,12763.84,12748.24,,-0.9128205128204775,,,-0.9128205128204775
DE30,2,1663557900.0,1663594800.0,12751.92,12773.119999999999,,7.283962264151322,0.9160377358491072,,0.9160377358491072
DE30,2,1663656900.0,1663657800.0,12877.76,12907.859999999999,,1.3408637873754994,,,-0.8551495016611637
DE30,2,1663682700.0,1663689300.0,12669.8,12687.3,,2.057142857142857,,,-1
DE30,2,1663701900.0,1663702500.0,12621.1,12633.1,,0.058333333333393966,,,-1
DE30,1,1663764000.0,1663783500.0,12671.76,12645.86,,4.352895752895805,,,1.2100386100386327
DE30,2,1663902300.0,1663939200.0,12572.28,12582.080000000002,26.789265306119514,40.589795918362896,24.518367346936113,,24.518367346936113
DE30,2,1664168400.0,1664175600.0,12197.28,12209.759999999998,,3.2115384615390363,,,-1
DE30,2,1663917000.0,1664176200.0,12498.55,12541.35,,7.975467289719389,3.8913551401868,,5.578271028037241
DE30,1,1664195400.0,1664195700.0,12277.029999999999,12259.079999999998,,-0.6144846796656483,,,-0.6144846796656483
DE30,1,1664262600.0,1664268300.0,12305.199999999999,12266.0,,2.418367346938871,,,-0.7015306122448711
DE30,1,1664239200.0,1664268900.0,12250.9,12239.9,7.9920000000000435,13.554545454545488,-0.5454545454545454,,-0.5454545454545454
DE30,2,1664289600.0,1664289900.0,12247.57,12266.02,,-0.359349593495976,,,-1
DE30,1,1664325000.0,1664328000.0,12108.6,12095.6,,1.2538461538460979,,,-1
DE30,1,1664347500.0,1664348100.0,12003.64,11978.039999999999,,-0.2515624999999453,,,-1
DE30,1,1664405400.0,1664417100.0,12255.62,12230.820000000002,,1.3298387096774407,,,-1
DE30,2,1664422800.0,1664423400.0,12237.38,12256.68,,-0.3067357512953232,,,-1
DE30,2,1664475900.0,1664476500.0,11920.800000000001,11936.0,,0.09868421052644255,,,-1
DE30,2,1664454900.0,1664490600.0,11982.25,12015.0,,3.570992366412236,-0.7312977099236864,,-0.7312977099236864
DE30,2,1664505600.0,1664518200.0,11960.4,11984.4,,1.8791666666666818,,,-0.6166666666667121
DE30,1,1664518500.0,1664535000.0,11965.18,11947.98,,9.024418604650743,2.6058139534882447,,2.6058139534882447
JNJ,2,1662484800.0,1662485400.0,163.94,164.19,,0.2799999999999727,,,-1
JNJ,1,1662643500.0,1662643800.0,163.84,163.54,,-0.6,,,-1
JNJ,1,1662729900.0,1662730200.0,164.976,164.561,,0.033734939759060896,,,0.033734939759060896
JNJ,2,1663151400.0,1663151700.0,162.348,162.478,,-1.2461538461537183,,,-1
JNJ,2,1663166400.0,1663166700.0,164.988,165.568,,0.22068965517238473,0.22068965517238473,,0.13448275862069184
JNJ,1,1663252500.0,1663323000.0,164.722,164.542,,6.655555555555187,-2.2888888888888363,,-1
JNJ,2,1663334400.0,1663334700.0,163.637,164.032,,0.5999999999999712,,,-1
JNJ,2,1663335000.0,1663335300.0,165.054,165.519,,-0.9376344086021589,-2.077419354838712,,-1
JNJ,1,1663354200.0,1663355100.0,166.96,166.66000000000003,,-0.10000000000000947,,,-1
JNJ,2,1663685700.0,1663689600.0,164.946,165.306,,0.7666666666666667,,,-1
JNJ,2,1663782900.0,1663785600.0,165.472,165.842,,4.113513513513516,,4.113513513513516,-1
JNJ,1,1663934700.0,1664186400.0,163.857,163.502,,9.952112676056588,0.9943661971831516,,4.290140845070535
JNJ,1,1664305200.0,1664305800.0,165.382,165.102,,0.028571428571361867,,,-0.5071428571428405
JNJ,2,1664389500.0,1664389800.0,166.128,166.30799999999996,,-0.17777777777785847,,,-1
JNJ,2,1664478000.0,1664478300.0,163.988,164.168,,0.1,,,-0.7888888888888362
PEP,1,1662751800.0,1662990000.0,173.52599999999998,173.33599999999998,,1.6000000000001795,,,1.6000000000001795
PEP,1,1663177500.0,1663177800.0,168.662,168.332,,-0.21818181818181817,,,-0.21818181818181817
PEP,1,1663353000.0,1663353300.0,166.222,165.992,,-0.008695652173953876,,,-0.48695652173906917
PEP,1,1663681200.0,1663683000.0,168.044,167.53400000000002,,0.1686274509803644,,,-0.8117647058823981
PEP,2,1663696800.0,1663697100.0,166.978,167.108,,-0.5538461538461942,,,-1
PEP,1,1663864200.0,1663870800.0,169.31,168.91,,1.1999999999999573,,,-1
PEP,1,1664287500.0,1664287800.0,168.59799999999998,168.278,,-0.8687499999999923,,,-0.8687499999999923
PEP,1,1664545200.0,1664552400.0,166.22199999999998,165.69199999999998,,0.7132075471698368,,,-1
NFLX,1,1662747900.0,1662748200.0,234.304,233.844,,0.49130434782607646,,,-1
NFLX,2,1662993600.0,1662993900.0,234.236,235.196,,-0.26458333333335105,,,-1
NFLX,2,1663163700.0,1663167900.0,217.168,219.29599999999996,,0.5582706766917482,,,-0.9501879699248269
NFLX,2,1663095300.0,1663175100.0,221.018,221.448,7.732744186046406,11.716279069767282,,3.8558139534882807,-1
NFLX,2,1663677000.0,1663680600.0,240.954,242.04399999999998,,0.36146788990827017,,,-1
NFLX,2,1663767300.0,1663767600.0,241.362,242.38199999999998,,0.15882352941177355,,,0.15882352941177355
NFLX,1,1663863000.0,1663863300.0,237.632,236.752,,0.32727272727270906,,,-0.2636363636363642
NFLX,1,1663874100.0,1663927200.0,238.064,237.15399999999997,,0.6329670329670083,-4.1362637362636026,,-1
NFLX,2,1663956600.0,1664199000.0,228.272,228.94199999999998,,9.555223880597174,,6.197014925373231,-1
NFLX,1,1664286600.0,1664287200.0,225.95499999999998,224.82999999999998,,0.6533333333333454,,,-0.17333333333332726
NFLX,2,1664544600.0,1664547900.0,237.694,238.684,,3.5393939393938973,,,-0.11717171717173011
AMT,1,1662492000.0,1663076400.0,254.144,253.38400000000001,,14.731578947368558,9.771052631579048,,9.771052631579048
AMT,1,1662991200.0,1663076700.0,263.18,261.9,,1.6874999999999363,-1.2578124999999816,,-1
AMT,2,1663351200.0,1663352700.0,244.91199999999998,245.82399999999998,,-0.09649122807019922,,,-1
AMT,2,1663249800.0,1663769400.0,250.498,251.728,,10.583739837398218,7.0471544715445935,4.356097560975549,7.0471544715445935
AMT,2,1664307600.0,1664372400.0,219.98000000000002,220.48000000000002,,-0.31999999999993634,,,-1
AMT,2,1664560200.0,1664560800.0,213.888,214.21800000000002,,0.05454545454545454,,,0.05454545454545454
CSX,1,1662644400.0,1662653400.0,31.778,31.708,,5.457142857142805,-0.9714285714285367,,-0.9714285714285367
CSX,1,1662662400.0,1662662700.0,32.084,32.02400000000001,,-0.4000000000000474,,,-1
CSX,1,1663702200.0,1663783500.0,29.352,29.322,13.15599999999948,19.933333333332545,5.599999999999763,11.933333333332898,5.599999999999763
CSX,2,1664207700.0,1664376300.0,27.518,27.648,,4.753846153846206,0.7538461538461517,,0.7538461538461517
CSX,1,1664393700.0,1664458800.0,27.672,27.592000000000002,,0.5999999999999911,-6.9000000000001425,,-1
CSX,2,1664563800.0,1664564700.0,26.7,26.749999999999996,,1.2000000000000426,,,0.40000000000001423
HD,1,1662991800.0,1662998100.0,301.02,298.46,,0.36328125000000233,,,-0.9335937499999939
HD,1,1662739200.0,1663006200.0,298.724,297.14799999999997,,2.446700507614176,,,-1
HD,1,1662558600.0,1663076400.0,291.437,290.182,,8.878884462151404,-2.0852589641434487,,-1
HD,2,1663249200.0,1663249500.0,275.216,276.226,,-0.44950495049506123,,,-1
HD,2,1663335900.0,1663337100.0,271.75399999999996,272.44399999999996,,1.3826086956521073,,,0.1362318840578805
HD,1,1663692300.0,1663694700.0,274.408,273.538,,0.1287356321838687,-0.078160919540276,,-1
HD,2,1663944300.0,1663944600.0,267.926,268.63599999999997,,-0.03380281690141071,,,-1
HD,1,1664205600.0,1664209500.0,270.418,269.548,,1.117241379310316,,,-1
BIIB,1,1662998100.0,1663011000.0,212.80200000000002,212.02200000000002,,2.1641025641025458,,,-1
BIIB,2,1663167000.0,1663170300.0,203.07999999999998,203.98,,0.3888888888888801,,,-0.6444444444444543
BIIB,2,1663177200.0,1663249200.0,202.376,202.936,,2.4214285714285517,,,-1
BIIB,2,1663335600.0,1663335900.0,206.294,206.88400000000001,,-0.1627118644067367,,,-1
BIIB,1,1663594800.0,1663595100.0,206.876,206.036,,-0.185714285714292,,,-0.9357142857142835
BIIB,1,1664206200.0,1664206500.0,196.548,195.578,,-0.7917525773195893,,,-0.874226804123726
BIIB,1,1664305500.0,1664306100.0,198.284,197.67399999999998,,0.33770491803280767,,,-0.5147540983606327
STOXX50,2,1662417000.0,1662417300.0,3480.634,3483.174,,-1.7582677165354168,,,-1
STOXX50,2,1662436800.0,1662445800.0,3484.024,3486.7639999999997,,2.3226277372264743,,,-0.5861313868614415
STOXX50,1,1662451200.0,1662451800.0,3493.7529999999997,3487.5579999999995,,0.29330104923331946,,,-0.8350282485875121
STOXX50,2,1662475200.0,1662475500.0,3493.094,3496.984,,-0.8858611825192868,,,-1
STOXX50,2,1662531600.0,1662534000.0,3464.7529999999997,3470.7579999999994,,0.05711906744377468,,,-0.4724396336387356
STOXX50,1,1662616800.0,1662618900.0,3522.642,3520.662,,4.842424242424295,,,0.615151515151662
STOXX50,2,1662647700.0,1662648000.0,3499.676,3503.786,,-1.1274939172749079,-1.3610705596106758,,-1
STOXX50,1,1662728700.0,1662729600.0,3572.846,3563.806,,0.16415929203539045,,,-0.9530973451327456
STOXX50,1,1662751200.0,1662752100.0,3583.108,3581.1380000000004,,-0.40000000000004615,,,-1
STOXX50,2,1662964500.0,1662964800.0,3590.05,3592.9500000000003,,-0.7827586206896243,,,-0.7896551724137558
STOXX50,1,1663067700.0,1663072200.0,3667.6659999999997,3665.7259999999997,,4.703092783505152,,,-1
STOXX50,2,1663135200.0,1663136100.0,3553.18,3556.23,,1.6885245901637145,,,-0.8852459016393809
STOXX50,2,1663139100.0,1663139400.0,3577.8100000000004,3580.8100000000004,,0.9766666666667637,0.3400000000001455,,0.9766666666667637
STOXX50,2,1663152300.0,1663152900.0,3571.794,3574.8340000000003,,-0.36381578947370713,,,-1
STOXX50,2,1663269300.0,1663271400.0,3526.96,3531.7599999999998,,0.9979166666667159,,,-1
STOXX50,2,1663308000.0,1663308300.0,3508.79,3511.9900000000002,,-0.08750000000005506,,,-1
STOXX50,2,1663345800.0,1663346400.0,3482.9300000000003,3487.73,,-0.022916666666599757,,,-0.879166666666675
STOXX50,2,1663241100.0,1663594800.0,3565.558,3574.538,,12.936302895322926,8.92293986636971,,8.92293986636971
STOXX50,2,1663557600.0,1663595100.0,3499.496,3509.032,,5.254404362416099,1.475041946308743,,1.2716023489933022
STOXX50,2,1663701300.0,1663701600.0,3452.1659999999997,3455.026,,0.24685314685302265,,,-0.4524475524476455
STOXX50,1,1663851300.0,1663851600.0,3474.0319999999997,3469.102,,-0.006490872210892315,,,-1
STOXX50,1,1663874700.0,1663899900.0,3438.6279999999997,3434.758,,3.470801033591892,,,-1
STOXX50,2,1663901100.0,1663913100.0,3436.36,3439.31,,5.000000000000308,,4.986440677966422,-0.2067796610168509
STOXX50,2,1663917000.0,1664176200.0,3416.169,3423.234,8.148781316348115,13.81443736730346,9.065675866949679,,9.065675866949679
STOXX50,1,1664261100.0,1664261700.0,3371.653,3366.258,,-0.10250231696012706,,,-1
STOXX50,1,1664269500.0,1664269800.0,3344.44,3342.44,,-0.14000000000010004,-0.14000000000010004,,-0.6549999999999727
STOXX50,1,1664325000.0,1664328000.0,3325.3320000000003,3321.4020000000005,,1.0961832061067984,,,-1
STOXX50,1,1664346000.0,1664348100.0,3298.92,3291.0200000000004,,0.9227848101266202,,,-1
STOXX50,1,1664394900.0,1664404800.0,3360.2200000000003,3355.4700000000003,,-0.20000000000005744,,,-0.9368421052632153
STOXX50,2,1664422800.0,1664425200.0,3346.824,3351.8140000000003,,-0.3799599198396074,,,-1
STOXX50,2,1664454900.0,1664457300.0,3281.3469999999998,3289.8419999999996,,0.14326074161267324,,,-1
STOXX50,1,1664519700.0,1664535900.0,3282.75,3278.65,,7.93414634146364,1.0975609756097804,,1.0975609756097804
FB,1,1662574200.0,1662642900.0,159.518,158.94799999999998,,2.1263157894735847,,,-1
FB,1,1662982200.0,1662986400.0,169.27,168.72000000000003,,0.8727272727272812,,,-1
FB,2,1663178700.0,1663179600.0,150.05200000000002,150.372,,0.4750000000000577,,,-0.8374999999999312
FB,2,1663352700.0,1663354800.0,145.156,145.97200000000004,,-0.029411764705882353,,,-1
FB,2,1663270500.0,1663594500.0,149.544,150.13400000000001,,8.769491525423689,4.2271186440677715,,4.2271186440677715
FB,1,1663595100.0,1663680300.0,146.464,145.404,,1.6283018867924486,,,-0.8245283018867862
FB,2,1663777800.0,1663778700.0,145.205,146.28500000000003,,0.1435185185185179,,,-1
FB,2,1663763400.0,1663779000.0,146.802,147.17199999999997,,7.464864864865348,,,0.708108108108155
FB,1,1663779000.0,1663783200.0,146.52,145.47000000000003,,0.15238095238095162,,,-1
FB,2,1663860300.0,1663861200.0,141.264,141.90400000000002,,-0.10312500000000152,,,-1
FB,2,1664475900.0,1664532000.0,136.518,137.20600000000002,,1.3052325581394977,,,-1
FB,2,1664466300.0,1664548200.0,138.434,139.424,,2.9030303030302713,-0.9252525252525136,,-0.9252525252525136
FB,2,1664562600.0,1664803800.0,137.76,138.15999999999997,,4.60000000000027,,,1.5250000000000496
NKE,1,1662665100.0,1662666000.0,108.52799999999999,108.25599999999999,,0.007352941176505547,,,-1
NKE,1,1662560100.0,1663076400.0,105.41,104.85999999999999,9.40799999999981,14.254545454545166,4.672727272727189,13.854545454545176,4.672727272727189
NKE,2,1663175700.0,1663249800.0,107.31800000000001,107.59800000000001,,4.671428571428577,,,-0.792857142857119
NKE,2,1663249200.0,1663250100.0,106.68599999999999,107.34199999999998,,0.14634146341461987,,,-1
NKE,1,1663770600.0,1663772700.0,103.024,102.764,,0.8307692307691913,,,-1
NKE,1,1663875600.0,1663940400.0,98.656,98.41600000000001,,-0.02500000000000148,-5.858333333333483,,-1
NKE,2,1664210700.0,1664211000.0,96.174,96.364,,-0.03157894736842263,,,-1
NKE,1,1664287500.0,1664292300.0,96.346,95.956,,1.4717948717948648,,,-0.9641025641025749
MS,1,1662558600.0,1663076400.0,85.24799999999999,85.02799999999999,9.276000000000087,25.872727272727438,11.509090909091016,,11.509090909091016
MS,1,1663006200.0,1663076400.0,90.03099999999999,89.44699999999997,,0.3065068493150629,-3.8544520547943897,,-1
MS,1,1662644400.0,1663076700.0,86.614,86.278,8.497500000000025,12.875000000000037,3.470238095238101,,3.767857142857133
MS,2,1663094400.0,1663162800.0,87.566,87.676,,5.690909090909163,,,-1
MS,1,1663350000.0,1663350600.0,86.986,86.74600000000001,,0.05833333333331705,,,-0.7750000000000459
MS,1,1663616400.0,1663681200.0,88.594,88.434,,-0.02499999999994227,,,-1
MS,1,1663783500.0,1663788600.0,87.374,86.96399999999998,,3.5268292682925853,0.38048780487805317,,0.30731707317073526
MS,2,1664218800.0,1664219400.0,80.202,80.52199999999999,,0.16249999999998002,-0.11874999999999222,,-0.11874999999999222
MS,1,1664392500.0,1664458800.0,81.47399999999999,81.314,,2.1000000000001244,-10.462500000000176,,-1
MDLZ,1,1662560700.0,1662645900.0,60.122,60.042,9.6360000000002,14.600000000000302,1.85000000000008,13.475000000000325,1.85000000000008
MDLZ,1,1662751200.0,1663076400.0,61.384,61.324,10.29599999999961,15.599999999999408,-7.233333333333017,,-1
MDLZ,2,1663249500.0,1663252800.0,59.691,59.987,,-0.06418918918918376,,,-0.9425675675675572
MDLZ,2,1663270800.0,1663335600.0,59.306,59.401999999999994,,-0.5625000000000416,,,-1
MDLZ,2,1663092600.0,1663354200.0,60.344,60.434000000000005,6.99599999999974,12.044444444444023,2.8222222222220905,5.155555555555345,2.8222222222220905
MDLZ,1,1663702800.0,1663783500.0,59.552,59.422,,9.138461538461376,4.369230769230667,5.292307692307607,4.369230769230667
MDLZ,1,1663864200.0,1663870800.0,59.785999999999994,59.645999999999994,,2.5285714285714636,,,-0.9714285714285367
MDLZ,2,1664286000.0,1664286300.0,58.342,58.461999999999996,,-2.7333333333334164,-3.2333333333333867,,-1
MDLZ,1,1664382600.0,1664458800.0,57.43,57.279999999999994,,3.666666666666509,,,-1
MRK,1,1659966000.0,1660068900.0,87.13199999999999,86.85199999999999,,10.70714285714283,,10.70714285714283,-0.6857142857142582
MRK,1,1660657200.0,1660657500.0,90.472,90.342,,0.13846153846154854,,,0.13846153846154854
MRK,2,1660678200.0,1660743600.0,90.384,90.474,,0.04444444444449708,,,-1
MRK,2,1660837800.0,1660838100.0,91.156,91.316,,0.2875000000000466,,,0.2875000000000466
MRK,2,1661456400.0,1661521200.0,89.95,90.2,,-0.2400000000000091,-0.2400000000000091,,-0.2400000000000091
MRK,2,1661881500.0,1661882100.0,86.64999999999999,86.88999999999999,,-0.29166666666670366,,,-0.7083333333333556
MRK,2,1661535900.0,1662042300.0,89.94800000000001,90.078,12.529846153846611,37.676923076924474,28.753846153847267,5.138461538461767,28.753846153847267
MRK,1,1662136800.0,1662138000.0,87.302,86.97200000000001,,0.024242424242410934,,,-1
MRK,1,1659966000.0,1660068900.0,87.13199999999999,86.85199999999999,,10.70714285714283,,10.70714285714283,-0.6857142857142582
MRK,1,1660657200.0,1660657500.0,90.472,90.342,,0.13846153846154854,,,0.13846153846154854
MRK,2,1660678200.0,1660743600.0,90.384,90.474,,0.04444444444449708,,,-1
MRK,2,1660837800.0,1660838100.0,91.156,91.316,,0.2875000000000466,,,0.2875000000000466
MRK,2,1661456400.0,1661521200.0,89.95,90.2,,-0.2400000000000091,-0.2400000000000091,,-0.2400000000000091
MRK,2,1661881500.0,1661882100.0,86.64999999999999,86.88999999999999,,-0.29166666666670366,,,-0.7083333333333556
MRK,2,1661535900.0,1662042300.0,89.94800000000001,90.078,12.529846153846611,37.676923076924474,28.753846153847267,5.138461538461767,28.753846153847267
MRK,1,1662136800.0,1662138000.0,87.302,86.97200000000001,,0.024242424242410934,,,-1
GILD,2,1659727800.0,1659728100.0,60.892,60.962,,-0.9714285714285367,,,-1
GILD,1,1660052400.0,1660053000.0,61.507999999999996,61.437999999999995,,1.8857142857143496,,,-1
GILD,1,1660140000.0,1660313100.0,62.237,61.982000000000006,,4.129411764705945,-0.4588235294117903,1.8549019607843429,-0.4588235294117903
GILD,1,1660674300.0,1660674900.0,66.062,65.982,,0.3500000000000799,,,-0.7749999999999867
GILD,1,1660763400.0,1660764300.0,66.258,66.13799999999999,,0.2666666666667456,,,-1
GILD,1,1660850700.0,1661175900.0,65.006,64.916,,7.266666666666351,,,-1
GILD,2,1661262300.0,1661791800.0,63.793,64.048,,9.658823529411672,5.698039215686201,8.521568627450902,5.698039215686201
GILD,2,1661349900.0,1661794500.0,63.434999999999995,63.795,,5.847222222222108,3.0416666666665884,5.041666666666568,2.986111111111045
GILD,1,1661973600.0,1661973900.0,63.296,63.205999999999996,,-0.5111111111110848,,,-0.5111111111110848
GILD,2,1659727800.0,1659728100.0,60.892,60.962,,-0.9714285714285367,,,-1
GILD,1,1660052400.0,1660053000.0,61.507999999999996,61.437999999999995,,1.8857142857143496,,,-1
GILD,1,1660140000.0,1660313100.0,62.237,61.982000000000006,,4.129411764705945,-0.4588235294117903,1.8549019607843429,-0.4588235294117903
GILD,1,1660674300.0,1660674900.0,66.062,65.982,,0.3500000000000799,,,-0.7749999999999867
GILD,1,1660763400.0,1660764300.0,66.258,66.13799999999999,,0.2666666666667456,,,-1
GILD,1,1660850700.0,1661175900.0,65.006,64.916,,7.266666666666351,,,-1
GILD,2,1661262300.0,1661791800.0,63.793,64.048,,9.658823529411672,5.698039215686201,8.521568627450902,5.698039215686201
GILD,2,1661349900.0,1661794500.0,63.434999999999995,63.795,,5.847222222222108,3.0416666666665884,5.041666666666568,2.986111111111045
GILD,1,1661973600.0,1661973900.0,63.296,63.205999999999996,,-0.5111111111110848,,,-0.5111111111110848
PYPL,1,1659973200.0,1660051800.0,95.574,94.914,,1.7363636363636465,0.6606060606060747,,-1
PYPL,2,1660052100.0,1660052400.0,94.649,95.164,,-1.0116504854368937,,,-1
PYPL,1,1660311900.0,1660312200.0,101.083,100.638,,-0.11910112359550132,,,-0.11910112359550132
PYPL,1,1660653000.0,1660653300.0,102.53999999999999,102.33999999999999,,-0.1499999999999325,,,-0.4999999999999645
PYPL,1,1660759500.0,1660816800.0,100.00200000000001,99.522,,1.7041666666666184,,,-1
PYPL,2,1660830600.0,1660833900.0,98.032,98.652,,1.1806451612903128,,,-1
PYPL,2,1661178300.0,1661179200.0,93.55799999999999,94.088,,0.24150943396223704,,,-0.8150943396226439
PYPL,1,1661256900.0,1661259600.0,93.852,93.522,,0.08484848484845979,,,-1
PYPL,2,1661341200.0,1661347800.0,93.1,93.7,,0.36666666666665954,,,-0.2166666666666797
PYPL,1,1661520900.0,1661522400.0,96.704,95.648,,0.06250000000000253,,,-1
PYPL,1,1661436600.0,1661524200.0,95.04,94.44,,3.4333333333332647,-1.3666666666666596,,-1
PYPL,2,1661780400.0,1661781000.0,93.094,93.38399999999999,,2.427586206896596,0.8068965517241417,,0.46206896551725524
PYPL,1,1661861400.0,1661868300.0,93.45,92.64999999999999,,0.8749999999999911,,,-1
PYPL,2,1661973300.0,1662059400.0,93.912,94.28200000000001,7.120864864864785,10.789189189189068,4.005405405405354,,4.005405405405354
PYPL,1,1662122700.0,1662125700.0,92.774,92.364,,2.697560975609765,,,-1
IBM,2,1659974100.0,1660138800.0,131.78,131.98000000000002,8.678999999999245,13.149999999998856,3.4999999999996447,10.14999999999914,3.4999999999996447
IBM,2,1660246200.0,1660311600.0,132.418,132.598,,0.6,,,-0.4
IBM,1,1660916700.0,1660917000.0,138.996,138.75600000000003,,-1.4000000000001658,,,-1
IBM,2,1661272500.0,1661272800.0,135.048,135.228,,-0.34444444444449707,,,-1
IBM,2,1661781000.0,1661788800.0,130.039,130.783,,0.5094086021505253,,,-1
IBM,2,1661881500.0,1661882400.0,129.528,129.89600000000002,,-0.3586956521739038,,,-0.9293478260869326
IBM,2,1661972700.0,1661973300.0,128.942,129.21399999999997,,-0.06617647058824681,,,-1
IBM,2,1661355000.0,1662128100.0,134.358,134.788,7.21088372093013,15.227906976743949,9.669767441860348,2.57674418604648,9.669767441860348
IBM,2,1661867100.0,1662128700.0,130.488,131.01600000000002,,5.071969696969499,0.5454545454545454,,0.16666666666664873
PYPL,1,1659973200.0,1660051800.0,95.574,94.914,,1.7363636363636465,0.6606060606060747,,-1
PYPL,2,1660052100.0,1660052400.0,94.649,95.164,,-1.0116504854368937,,,-1
PYPL,1,1660311900.0,1660312200.0,101.083,100.638,,-0.11910112359550132,,,-0.11910112359550132
PYPL,1,1660653000.0,1660653300.0,102.53999999999999,102.33999999999999,,-0.1499999999999325,,,-0.4999999999999645
PYPL,1,1660759500.0,1660816800.0,100.00200000000001,99.522,,1.7041666666666184,,,-1
PYPL,2,1660830600.0,1660833900.0,98.032,98.652,,1.1806451612903128,,,-1
PYPL,2,1661178300.0,1661179200.0,93.55799999999999,94.088,,0.24150943396223704,,,-0.8150943396226439
PYPL,1,1661256900.0,1661259600.0,93.852,93.522,,0.08484848484845979,,,-1
PYPL,2,1661341200.0,1661347800.0,93.1,93.7,,0.36666666666665954,,,-0.2166666666666797
PYPL,1,1661520900.0,1661522400.0,96.704,95.648,,0.06250000000000253,,,-1
PYPL,1,1661436600.0,1661524200.0,95.04,94.44,,3.4333333333332647,-1.3666666666666596,,-1
PYPL,2,1661780400.0,1661781000.0,93.094,93.38399999999999,,2.427586206896596,0.8068965517241417,,0.46206896551725524
PYPL,1,1661861400.0,1661868300.0,93.45,92.64999999999999,,0.8749999999999911,,,-1
PYPL,2,1661973300.0,1662059400.0,93.912,94.28200000000001,7.120864864864785,10.789189189189068,4.005405405405354,,4.005405405405354
PYPL,1,1662122700.0,1662125700.0,92.774,92.364,,2.697560975609765,,,-1
IBM,2,1659974100.0,1660138800.0,131.78,131.98000000000002,8.678999999999245,13.149999999998856,3.4999999999996447,10.14999999999914,3.4999999999996447
IBM,2,1660246200.0,1660311600.0,132.418,132.598,,0.6,,,-0.4
IBM,1,1660916700.0,1660917000.0,138.996,138.75600000000003,,-1.4000000000001658,,,-1
IBM,2,1661272500.0,1661272800.0,135.048,135.228,,-0.34444444444449707,,,-1
IBM,2,1661781000.0,1661788800.0,130.039,130.783,,0.5094086021505253,,,-1
IBM,2,1661881500.0,1661882400.0,129.528,129.89600000000002,,-0.3586956521739038,,,-0.9293478260869326
IBM,2,1661972700.0,1661973300.0,128.942,129.21399999999997,,-0.06617647058824681,,,-1
IBM,2,1661355000.0,1662128100.0,134.358,134.788,7.21088372093013,15.227906976743949,9.669767441860348,2.57674418604648,9.669767441860348
IBM,2,1661867100.0,1662128700.0,130.488,131.01600000000002,,5.071969696969499,0.5454545454545454,,0.16666666666664873
PFE,2,1660071000.0,1660073400.0,49.668,49.897999999999996,,-0.18260869565218332,,,-0.6608695652174047
PFE,1,1660302300.0,1660830000.0,48.31,48.06,,8.120000000000005,2.4799999999999898,4.47999999999999,2.4799999999999898
PFE,2,1660831200.0,1660916700.0,49.033,49.188,,4.341935483870947,-0.36774193548388223,,-0.36774193548388223
PFE,2,1661193900.0,1661194800.0,48.796,48.856,,0.2666666666666272,,,-0.0666666666666272
PFE,2,1661261400.0,1661508900.0,48.425999999999995,48.58599999999999,,6.975000000000102,3.2875000000000467,5.475000000000102,3.2875000000000467
PFE,2,1661425500.0,1661509200.0,47.516,47.931999999999995,,0.49519230769230177,-0.923076923076931,,-0.8509615384615431
PFE,1,1661793000.0,1661796300.0,46.512,46.431999999999995,,0.7249999999999489,,,-0.8999999999999734
PFE,2,1661866500.0,1661868000.0,46.117,46.26199999999999,,0.8758620689655091,,,-0.710344827586237
PFE,2,1661943300.0,1661952300.0,45.82,46.019999999999996,,0.2,,,-1
PFE,1,1661952600.0,1661955000.0,45.964000000000006,45.754000000000005,,1.3142857142856912,,,-1
PFE,2,1662030300.0,1662039000.0,45.033,45.288000000000004,,0.3254901960784219,,,-1
PFE,2,1660071000.0,1660073400.0,49.668,49.897999999999996,,-0.18260869565218332,,,-0.6608695652174047
PFE,1,1660302300.0,1660830000.0,48.31,48.06,,8.120000000000005,2.4799999999999898,4.47999999999999,2.4799999999999898
PFE,2,1660831200.0,1660916700.0,49.033,49.188,,4.341935483870947,-0.36774193548388223,,-0.36774193548388223
PFE,2,1661193900.0,1661194800.0,48.796,48.856,,0.2666666666666272,,,-0.0666666666666272
PFE,2,1661261400.0,1661508900.0,48.425999999999995,48.58599999999999,,6.975000000000102,3.2875000000000467,5.475000000000102,3.2875000000000467
PFE,2,1661425500.0,1661509200.0,47.516,47.931999999999995,,0.49519230769230177,-0.923076923076931,,-0.8509615384615431
PFE,1,1661793000.0,1661796300.0,46.512,46.431999999999995,,0.7249999999999489,,,-0.8999999999999734
PFE,2,1661866500.0,1661868000.0,46.117,46.26199999999999,,0.8758620689655091,,,-0.710344827586237
PFE,2,1661943300.0,1661952300.0,45.82,46.019999999999996,,0.2,,,-1
PFE,1,1661952600.0,1661955000.0,45.964000000000006,45.754000000000005,,1.3142857142856912,,,-1
PFE,2,1662030300.0,1662039000.0,45.033,45.288000000000004,,0.3254901960784219,,,-1
MMM,1,1659972600.0,1659975300.0,148.596,147.85600000000002,,0.05945945945943766,,,-0.9540540540541024
MMM,2,1660158600.0,1660159200.0,149.082,149.252,,0.4235294117646823,,,0.4235294117646823
MMM,2,1660245300.0,1660311600.0,149.672,150.042,,0.5189189189189322,,,-1
MMM,2,1661364600.0,1661367900.0,140.37,140.85000000000002,,0.041666666666686406,,,-0.9791666666666272
MMM,2,1660833000.0,1661435100.0,146.592,146.762,12.97482352941277,40.24705882353245,25.30588235294316,,25.30588235294316
MMM,2,1661434800.0,1661435400.0,141.64600000000002,142.38200000000003,,-0.059782608695627196,-0.8749999999999469,,-0.834239130434729
MMM,1,1661522400.0,1661522700.0,141.90200000000002,141.42200000000003,,1.7249999999999837,,,1.7249999999999837
MMM,1,1662040800.0,1662041400.0,125.151,124.73599999999999,,0.5036144578313254,,,-0.9903614457831209
MMM,1,1659972600.0,1659975300.0,148.596,147.85600000000002,,0.05945945945943766,,,-0.9540540540541024
MMM,2,1660158600.0,1660159200.0,149.082,149.252,,0.4235294117646823,,,0.4235294117646823
MMM,2,1660245300.0,1660311600.0,149.672,150.042,,0.5189189189189322,,,-1
MMM,2,1661364600.0,1661367900.0,140.37,140.85000000000002,,0.041666666666686406,,,-0.9791666666666272
MMM,2,1660833000.0,1661435100.0,146.592,146.762,12.97482352941277,40.24705882353245,25.30588235294316,,25.30588235294316
MMM,2,1661434800.0,1661435400.0,141.64600000000002,142.38200000000003,,-0.059782608695627196,-0.8749999999999469,,-0.834239130434729
MMM,1,1661522400.0,1661522700.0,141.90200000000002,141.42200000000003,,1.7249999999999837,,,1.7249999999999837
MMM,1,1662040800.0,1662041400.0,125.151,124.73599999999999,,0.5036144578313254,,,-0.9903614457831209
MCD,2,1660236600.0,1660311600.0,260.246,260.50600000000003,,5.830769230768016,,,-1
MCD,2,1660845000.0,1660846200.0,265.488,265.71799999999996,,0.8608695652174451,,,-0.31304347826093404
MCD,1,1660926000.0,1660926600.0,267.04,266.79,,-0.3200000000001637,,,-0.36000000000012733
MCD,1,1661355600.0,1661358900.0,260.87199999999996,260.64199999999994,,2.339130434782718,,,-0.6173913043475123
MCD,1,1661439900.0,1661440500.0,261.252,260.822,,0.01860465116274704,,,-1
MCD,2,1661953200.0,1661953500.0,254.35399999999998,254.89399999999998,,-1.3259259259259606,-1.7518518518519266,,-1
MCD,2,1662039900.0,1662040200.0,253.274,254.164,,-0.3101123595505783,,,-1
MCD,1,1662126600.0,1662137100.0,257.074,256.064,,1.3623762376237512,,,-0.9346534653465597
MCD,2,1660236600.0,1660311600.0,260.246,260.50600000000003,,5.830769230768016,,,-1
MCD,2,1660845000.0,1660846200.0,265.488,265.71799999999996,,0.8608695652174451,,,-0.31304347826093404
MCD,1,1660926000.0,1660926600.0,267.04,266.79,,-0.3200000000001637,,,-0.36000000000012733
MCD,1,1661355600.0,1661358900.0,260.87199999999996,260.64199999999994,,2.339130434782718,,,-0.6173913043475123
MCD,1,1661439900.0,1661440500.0,261.252,260.822,,0.01860465116274704,,,-1
MCD,2,1661953200.0,1661953500.0,254.35399999999998,254.89399999999998,,-1.3259259259259606,-1.7518518518519266,,-1
MCD,2,1662039900.0,1662040200.0,253.274,254.164,,-0.3101123595505783,,,-1
MCD,1,1662126600.0,1662137100.0,257.074,256.064,,1.3623762376237512,,,-0.9346534653465597
TMO,1,1659966300.0,1659966600.0,590.6890000000001,589.0040000000001,,-0.45044510385765746,,,-0.705637982195915
TMO,2,1660072200.0,1660073100.0,579.062,580.454,,-0.2428160919540088,,,-0.9612068965517414
TMO,2,1660053600.0,1660138800.0,582.514,584.654,,2.9271028037383413,,,-0.7878504672897412
TMO,1,1660226700.0,1660246800.0,595.23,592.73,,1.4440000000000055,,,-1
TMO,2,1661192100.0,1661439000.0,577.198,578.846,,5.4235436893203,,,0.32038834951457046
TMO,2,1660745100.0,1661456400.0,598.04,600.94,6.777517241379092,10.268965517241048,4.927586206896384,4.106896551723998,4.927586206896384
TMO,2,1660849800.0,1661521500.0,594.61,597.01,7.246250000000075,10.97916666666678,4.525000000000048,3.5333333333333745,4.862500000000029
TMO,2,1661867100.0,1662126000.0,556.063,558.668,,5.682533589251399,0.7957773512475872,,0.7957773512475872
