state_ticker,state_order,state_day_start,state_day_end,state_open,state_stop_loss,state_close_estimate,state_max_r,state_MA_r,state_RSI_r,last_r,state_chain
MRK,1,1664988600.0,1664988900.0,88.598,88.428,,0.011764705882325404,,,-1,
MRK,2,1665082500.0,1665150300.0,87.42999999999999,87.66999999999999,,0.45833333333334075,,,-0.1250000000000074,"[-0.2916666666666445, -0.45833333333334075, -0.2499999999999556, -0.1249999999999482, 0.08333333333337774, 0.2500000000000148, 0.7083333333333556, 0.3750000000000222, 0.29166666666670366, 0.08333333333337774, -0.04166666666662966, 0.1250000000000074]"
MRK,2,1665071700.0,1665159000.0,87.91099999999999,88.24599999999998,,1.8835820895522322,,,-0.7731343283582668,"[-0.8089552238805721, -1.017910447761195, -0.6895522388059243, -0.6895522388059243, -0.5402985074626464, -0.09253731343281277, -0.18208955223878798, 0.026865671641834985, -0.03283582089546769, 0.17611940298511286, 0.08656716417913765, -0.06268656716414023, -0.18208955223878798, -0.361194029850696, -0.6895522388059243, -0.3313432835820659, -0.3313432835820659, -0.3014925373133933, -0.18208955223878798, -0.48059701492534374, -0.6895522388059243, -0.6597014925372942, -0.39104477611936855, -0.5104477611940162, -0.5402985074626464, -0.6895522388059243, -0.6597014925372942, -0.6895522388059243, -0.8388059701492446, -0.7492537313432694, -0.6298507462686216, -0.8089552238805721, -0.8686567164178748, -1.2567164179104482, -1.7044776119402818, -1.7044776119402818, -1.644776119402979, -1.764179104477627, -1.6149253731343065, -1.5253731343283314, -1.3761194029850534, -1.2567164179104482, -0.9283582089552198, -1.167164179104473, -1.2268656716417756, -1.3761194029850534, -1.4656716417910287, -1.3462686567164233, -1.1373134328358003, -0.7194029850745969, -1.3462686567164233, -1.5850746268656764, -1.8835820895522322, -1.5850746268656764, -0.9283582089552198, -0.8985074626865472, -0.42089552238804107, -0.5104477611940162, 0.1164179104478102, -0.3014925373133933, -0.42089552238804107, -0.48059701492534374, -0.09253731343281277, -0.3014925373133933, 0.17611940298511286, -0.06268656716414023, 0.32537313432839077, 0.4746268656716686, 0.5044776119403411, 0.23582089552241553, 0.5044776119403411, 0.5044776119403411, 0.23582089552241553, 0.05671641791050753, 0.3552238805970633, 0.8626865671642421, 0.7731343283582668]"
MRK,2,1665171600.0,1665409200.0,87.604,87.694,,-0.4,-36.177777777776406,,-1,"[0.4, 36.177777777776406]"
MRK,1,1665430500.0,1665495600.0,90.712,90.48200000000001,,0.38260869565216427,,,-0.44347826086960174,
MRK,1,1665756000.0,1665758400.0,92.362,92.082,,1.278571428571438,,,-1,
MRK,1,1666100400.0,1666100700.0,94.194,94.03399999999999,,0.6624999999999212,,,0.6624999999999212,
MRK,2,1666206000.0,1666359600.0,93.268,93.44800000000001,,4.3777777777775935,,,-1,"[-0.48888888888883625, -0.37777777777775146, -0.26666666666666666, 0.5111111111110848, -0.37777777777775146, -0.26666666666666666, 0.06666666666666667, -0.26666666666666666, -0.1, -2.7666666666665876, -3.9333333333331755, -4.2111111111109265, -4.3777777777775935, -3.655555555555424, -1.8777777777776725, -2.711111111111006, -1.1555555555555028, -0.48888888888883625, -1.1, -0.7666666666666667, -1.3222222222221696, -0.9888888888888363, -1.2111111111110848, -0.6555555555555029, -0.26666666666666666, 0.011111111111084794, 0.5111111111110848, -0.43333333333333335, -0.5444444444444181, 0.06666666666666667, -1.044444444444418, -0.26666666666666666, 0.06666666666666667, -0.8777777777777515, -1.1, -1.7111111111110848, -2.044444444444339, -1.9888888888888363, -2.488888888888836, -2.4333333333332545, -2.211111111111006, -1.8222222222221696, -1.8222222222221696, -1.4888888888888363, -0.8777777777777515, -1.2666666666665878, -1.1555555555555028, -1.3222222222221696, -1.1, -1.599999999999921, -1.6555555555555028, -1.6555555555555028, -2.3777777777776725, -1.8222222222221696, -1.7111111111110848, -1.544444444444418, -0.9333333333333333, -1.044444444444418, -1.6555555555555028, -1.6555555555555028, -1.044444444444418, -1.2111111111110848, -1.6555555555555028, -2.099999999999921, -1.3222222222221696, -1.7666666666665878, -2.599999999999921, -2.099999999999921, -1.9888888888888363, -2.599999999999921, -2.211111111111006, -1.9888888888888363, -2.544444444444339, -2.544444444444339, -1.599999999999921, -2.3222222222221696, -2.9333333333332545, -2.8777777777776725, -2.3777777777776725, -2.7666666666665876, -2.711111111111006, -1.9333333333332543, 1.4555555555555029]"
MRK,2,1666365600.0,1666365900.0,94.512,94.732,,0.32727272727274137,0.32727272727274137,,-0.21818181818182758,"[-0.32727272727274137, 0.21818181818182758]"
MRK,2,1666706100.0,1666707000.0,97.352,97.72200000000001,,-0.021621621621609372,,,-0.9135135135134856,"[0.562162162162151, 0.021621621621609372, 0.42702702702702516, 0.9135135135134856]"
MRK,1,1666794300.0,1666795200.0,98.596,98.35600000000001,,0.10000000000000592,,,-0.941666666666683,
MRK,2,1666812600.0,1666878000.0,98.45,98.65,,-0.09999999999997869,-14.199999999999815,,-1,"[0.09999999999997869, 0.3999999999999858, 0.649999999999968, 14.199999999999815]"
MRK,2,1666899600.0,1666966500.0,100.02,100.16999999999999,,8.133333333333788,,,-1,"[-1.133333333333409, -8.133333333333788, -6.1333333333336935, -6.1333333333336935, -4.800000000000265, -3.3333333333335227, 0.2666666666667235, 0.8000000000000758, 2.866666666666875]"
MRK,2,1667415300.0,1667415900.0,99.748,99.97800000000001,,0.1217391304348057,,,-1,"[-0.1217391304348057, 0.3565217391304009, 1.9652173913043058]"
GILD,2,1665409200.0,1665409500.0,64.396,64.60600000000001,,-1.3047619047618597,,,-1,"[1.3047619047618597, 1.495238095238005]"
GILD,2,1666198800.0,1666206900.0,66.196,66.372,,1.7954545454545399,,,-0.9886363636363903,"[-0.5454545454545602, -0.31818181818179986, -0.09090909090903952, -0.4886363636363499, -0.20454545454546005, -0.43181818181813963, -0.3750000000000101, -0.3750000000000101, -0.7727272727272397, -1.7954545454545399, -1.2272727272726796, -1.17045454545455, -0.7727272727272397, -0.6022727272726897, -0.6022727272726897, 0.07954545454542977, 0.36363636363640034, 0.9886363636363903, 0.59090909090908, 0.6477272727272901, 0.3068181818181901, -0.6022727272726897, -0.31818181818179986, 0.07954545454542977, 0.13636363636364005, -0.03409090909091001, 0.24999999999997982, 0.9886363636363903]"
GILD,2,1666188000.0,1666359900.0,66.518,66.69800000000001,,4.599999999999842,-1.5111111111110849,,-1,"[-0.5444444444444181, -1.044444444444418, -0.26666666666666666, 0.17777777777775147, 0.5666666666666667, 0.4555555555555029, 0.011111111111084794, 0.011111111111084794, 0.34444444444441813, -0.04444444444441813, -0.2111111111110848, 0.011111111111084794, -0.26666666666666666, -0.1, -0.1, -0.2111111111110848, -0.9888888888888363, -0.32222222222224856, -0.7111111111110848, -0.9888888888888363, -1.2111111111110848, -0.8777777777777515, -0.7666666666666667, -0.7111111111110848, -0.5444444444444181, -1.044444444444418, -0.9333333333333333, -1.544444444444418, -1.2111111111110848, -1.7111111111110848, -1.2111111111110848, -1.044444444444418, -1.3222222222221696, -1.599999999999921, -1.544444444444418, -2.155555555555503, -2.3222222222221696, -2.099999999999921, -1.8777777777776725, -2.2666666666665876, -1.9888888888888363, -2.211111111111006, -2.155555555555503, -2.155555555555503, -2.544444444444339, -3.544444444444339, -2.9888888888887575, -2.9333333333332545, -2.544444444444339, -2.3777777777776725, -2.3777777777776725, -1.7111111111110848, -1.4333333333332543, -0.8222222222221696, -1.2111111111110848, -1.1555555555555028, -1.4888888888888363, -2.3777777777776725, -2.099999999999921, -1.7111111111110848, -1.6555555555555028, -1.8222222222221696, -1.544444444444418, -0.8222222222221696, -1.1, -1.1555555555555028, -1.3222222222221696, -1.3222222222221696, -1.8777777777776725, -1.3222222222221696, -1.044444444444418, -2.544444444444339, -2.7666666666665876, -2.155555555555503, -1.2111111111110848, -1.7111111111110848, -0.26666666666666666, -0.26666666666666666, -0.5444444444444181, -0.5444444444444181, -1.3222222222221696, -2.2666666666665876, -2.099999999999921, -1.9888888888888363, -1.544444444444418, -1.4888888888888363, -1.2111111111110848, -1.4888888888888363, -2.044444444444339, -1.9888888888888363, -2.211111111111006, -1.8777777777776725, -1.7666666666665878, -2.3222222222221696, -2.155555555555503, -2.155555555555503, -2.544444444444339, -2.488888888888836, -2.8777777777776725, -2.8777777777776725, -2.8777777777776725, -2.7666666666665876, -2.655555555555424, -2.655555555555424, -2.711111111111006, -2.655555555555424, -2.9333333333332545, -2.9888888888887575, -2.544444444444339, -2.9333333333332545, -3.3222222222220905, -3.211111111111006, -3.3777777777776725, -3.266666666666509, -2.9888888888887575, -2.9888888888887575, -2.8222222222220905, -2.9333333333332545, -3.4888888888887575, -3.4333333333331755, -3.211111111111006, -3.3777777777776725, -3.599999999999842, -4.04444444444426, -4.2111111111109265, -4.599999999999842, -4.54444444444426, -3.8222222222220905, -3.655555555555424, -4.04444444444426, -3.9333333333331755, -3.4888888888887575, -3.655555555555424, -3.9333333333331755, -3.266666666666509, -4.099999999999842, -4.4888888888887575, -4.4888888888887575, -4.2111111111109265, -4.2111111111109265, -3.8222222222220905, -3.155555555555424, 0.5666666666666667, 1.5111111111110849]"
GILD,1,1666639800.0,1666705200.0,69.152,69.072,,1.2250000000000134,,,-1,
GILD,2,1667243400.0,1667244000.0,78.46799999999999,78.64799999999998,,-0.01111111111116462,,,-1,"[0.01111111111116462, 0.9000000000000711, 1.122222222222337]"
GILD,1,1667330400.0,1667331600.0,79.352,79.12200000000001,,-0.09565217391307196,,,-0.9652173913044273,
PYPL,1,1665063300.0,1665145800.0,93.76,93.26,,3.4399999999999977,,,-0.9200000000000159,
PYPL,1,1665582000.0,1665582300.0,84.412,83.882,,0.4490566037735831,,,-0.8150943396226439,
PYPL,2,1665743100.0,1665743400.0,83.40899999999999,83.97399999999999,,-0.5504424778761209,,,-1,"[0.5504424778761209, 1.3646017699115365]"
PYPL,1,1665753900.0,1665755100.0,84.714,84.204,,1.3254901960784218,,,-1,
PYPL,1,1666011000.0,1666011300.0,82.44800000000001,82.028,,-0.661904761904773,,,-1,
PYPL,2,1666179000.0,1666189200.0,84.71000000000001,85.11000000000001,,3.0749999999999664,,,-0.974999999999952,"[-0.7749999999999947, -0.6500000000000036, -0.7749999999999947, -0.7500000000000178, -0.7500000000000178, 0.2249999999999698, -0.8000000000000071, -0.8250000000000195, -0.6999999999999929, -1.0250000000000123, -1.0250000000000123, -1.0250000000000123, -1.824999999999984, -1.8750000000000089, -1.5, -1.5, -1.3999999999999857, -1.4500000000000106, -0.6999999999999929, -1.5750000000000017, -1.6000000000000143, -0.675000000000016, -1.324999999999984, -0.6250000000000266, -1.0250000000000123, -2.075000000000002, -2.9999999999999645, -1.7749999999999946, -3.0749999999999664, -2.2499999999999822, -1.6500000000000035, -1.3000000000000071, -0.5500000000000249, 0.974999999999952]"
PYPL,1,1666612200.0,1666614000.0,84.538,84.21799999999999,,0.09999999999998668,,,-0.64999999999998,
PYPL,1,1666876800.0,1666878600.0,88.722,88.142,,0.8241379310345001,,,-1,
PYPL,1,1666977000.0,1666981800.0,86.822,86.59200000000001,,2.121739130434875,,,-0.09565217391307196,
PYPL,2,1667224500.0,1667298600.0,84.35,84.95,,3.0499999999999536,,,-0.9333333333333239,"[-0.18333333333332977, -0.8499999999999728, -1.866666666666624, -2.099999999999955, -1.6166666666666418, -2.5833333333332917, -2.4666666666666144, -2.4499999999999633, -2.6499999999999444, -2.2499999999999587, -2.349999999999961, -2.7499999999999467, -3.0499999999999536, -3.016666666666604, -2.9333333333332763, -2.9499999999999513, -2.6666666666666194, -2.366666666666612, -2.1499999999999564, -1.8499999999999728, -1.6333333333332931, -1.4999999999999645, -1.5166666666666395, -0.666666666666643, -1.1666666666666312, -1.0499999999999774, -1.2333333333333072, -0.6166666666666418, -0.13333333333332859, -0.5666666666666406, -0.4833333333333132, -0.8666666666666477, -0.5499999999999894, -0.6333333333333168, -0.5166666666666394, -0.6499999999999917, -0.9499999999999751, -1.183333333333306, -0.7833333333333203, -0.8166666666666466, -0.7166666666666441, -0.5999999999999905, -0.5166666666666394, -0.5499999999999894, -0.3833333333333108, -0.5999999999999905, -0.8999999999999739, -0.9166666666666489, -0.5666666666666406, -0.43333333333331203, -0.5499999999999894, -0.5333333333333143, -0.41666666666666075, -0.666666666666643, -0.7333333333333191, -0.6833333333333179, -0.3499999999999846, -0.5833333333333156, -0.7666666666666454, -0.6333333333333168, -0.9999999999999764, -1.3999999999999622, -1.666666666666643, -1.5999999999999668, -1.5166666666666395, -1.3999999999999622, -1.2999999999999834, -0.9333333333333002, -1.0833333333333037, -0.8999999999999739, 0.36666666666665954, 0.3500000000000083, 0.45000000000001067, 0.5666666666666643, 0.7833333333333203, 0.8999999999999976, 0.9333333333333239]"
IBM,1,1664988900.0,1665063600.0,125.266,124.726,,2.0259259259258915,,,-0.3444444444444535,
IBM,2,1665409200.0,1665409500.0,119.072,119.34200000000001,,-0.955555555555503,,,-1,"[0.955555555555503, 1.5481481481480603]"
IBM,1,1665427200.0,1665427500.0,118.194,117.98400000000001,,-0.6857142857143321,,,-1,
IBM,1,1665504300.0,1665513900.0,118.542,118.212,,1.9030303030303133,,,-1,
IBM,2,1665594000.0,1665594300.0,118.016,118.176,,0.10000000000003553,,,-0.9624999999999978,"[-0.10000000000003553, 0.9624999999999978]"
IBM,1,1666189500.0,1666190400.0,123.74,123.49,,0.20000000000004547,,,-1,
IBM,1,1666294200.0,1666359900.0,128.146,127.756,,2.1384615384616215,,,1.4205128205128754,
IBM,1,1666716600.0,1666717200.0,132.946,132.606,,-0.19411764705882895,,,-0.8117647058823756,
IBM,2,1666888800.0,1666889700.0,135.056,135.316,,-0.4384615384614611,,,-1,"[0.4384615384614611, 0.4384615384614611, 0.51538461538458, 1.169230769230818]"
IBM,1,1667396400.0,1667397000.0,137.722,137.542,,0.9333333333331755,,,-1,
IBM,1,1667409600.0,1667412000.0,138.492,138.362,,8.215384615384995,,,8.215384615384995,
PFE,2,1664980200.0,1664990400.0,43.868,43.948,,2.975000000000058,,,-1,"[-0.3499999999999911, -0.8500000000000799, -0.7250000000000133, -1.85000000000008, -1.85000000000008, -2.6000000000001244, -1.85000000000008, -2.7250000000001022, -2.35000000000008, -1.4750000000000578, -1.85000000000008, -2.1000000000000356, -1.4750000000000578, -1.35000000000008, -1.7250000000001022, -2.6000000000001244, -2.6000000000001244, -2.85000000000008, -2.975000000000058, -1.85000000000008, -1.7250000000001022, -0.7250000000000133, -0.7250000000000133, -0.8500000000000799, -0.9750000000000577, -0.6000000000000355, -0.4750000000000577, 0.3999999999999645, 0.02499999999994227, -0.6000000000000355, 0.2749999999999867, 0.2749999999999867, 0.3999999999999645, 0.8999999999999645, 1.1500000000000088]"
PFE,2,1665080400.0,1665081000.0,43.082,43.152,,0.028571428571463373,,,-0.5428571428570935,"[-0.028571428571463373, 0.3999999999999797, 0.5428571428570935]"
PFE,2,1665483300.0,1665500100.0,41.36,41.76,,0.12499999999999334,,,-1,"[-0.024999999999995116, -0.12499999999999334, 0.024999999999995116, 0.0, 0.024999999999995116, 0.024999999999995116, 0.09999999999999823, 0.09999999999999823, 0.12499999999999334, 0.09999999999999823, 0.09999999999999823, 0.09999999999999823, 0.050000000000007996, 0.12499999999999334, 0.09999999999999823, 0.050000000000007996, 0.0750000000000031, 0.09999999999999823, 0.0, 0.024999999999995116, 0.42500000000000576, 0.35000000000000264, 0.35000000000000264, 0.32500000000000756, 0.35000000000000264, 0.4000000000000107, 0.4000000000000107, 0.42500000000000576, 0.474999999999996, 0.3749999999999978, 0.4000000000000107, 0.42500000000000576, 0.42500000000000576, 0.5000000000000089, 0.6250000000000022, 0.4500000000000009, 0.32500000000000756, 0.3749999999999978, 0.7499999999999956, 0.6250000000000022, 0.2749999999999996, 0.29999999999999466, 0.25000000000000444, 0.1500000000000062, -0.024999999999995116, 0.050000000000007996, 0.2749999999999996, 0.474999999999996, 0.6250000000000022, 0.6499999999999974, 0.8500000000000115, 1.0250000000000128]"
PFE,2,1665149700.0,1665501000.0,42.589,42.803999999999995,,6.553488372093131,3.1581395348837846,0.5534883720930317,3.1581395348837846,"[-0.13488372093021794, -0.5534883720930317, -0.9255813953488441, -1.0186046511628137, -1.2511627906976883, -1.7162790697674704, -1.9488372093023447, -1.809302325581407, -1.7162790697674704, -1.20465116279072, -1.2976744186046565, -1.1581395348837187, -1.1581395348837187, -1.0651162790697821, -0.8790697674418758, -0.9255813953488441, -0.8790697674418758, -0.7395348837209379, -1.0186046511628137, -0.9720930232558124, -1.3906976744186261, -1.1581395348837187, -1.2511627906976883, -1.0651162790697821, -1.3906976744186261, -1.1581395348837187, -0.8325581395349075, -1.1116279069767503, -1.2511627906976883, -1.0186046511628137, -0.8325581395349075, -0.6930232558139696, -0.6930232558139696, -0.8790697674418758, -0.8325581395349075, -0.8325581395349075, -0.9255813953488441, -0.9720930232558124, -0.7395348837209379, -1.1581395348837187, -1.20465116279072, -1.4372093023255945, -1.3906976744186261, -1.344186046511658, -1.1116279069767503, -1.2976744186046565, -1.20465116279072, -1.4837209302325627, -1.4372093023255945, -1.3906976744186261, -1.5767441860465323, -1.669767441860502, -1.6232558139535007, -1.809302325581407, -1.9488372093023447, -1.9023255813953766, -1.9953488372093462, -2.2279069767442206, -2.460465116279095, -2.460465116279095, -2.460465116279095, -2.6465116279070013, -2.7860465116279394, -2.7860465116279394, -2.7860465116279394, -2.5069767441860966, -2.925581395348877, -2.7860465116279394, -2.7860465116279394, -2.9720930232558453, -3.2511627906977214, -3.2511627906977214, -2.8325581395349406, -2.274418604651189, -2.3674418604651586, -2.3674418604651586, -2.3209302325581573, -2.3674418604651586, -2.413953488372127, -2.460465116279095, -2.460465116279095, -2.3674418604651586, -2.460465116279095, -2.413953488372127, -2.6930232558140026, -2.6465116279070013, -2.6465116279070013, -2.5069767441860966, -2.5069767441860966, -2.413953488372127, -2.5069767441860966, -2.413953488372127, -2.3674418604651586, -2.3674418604651586, -2.2279069767442206, -2.181395348837252, -2.3674418604651586, -2.3674418604651586, -2.3674418604651586, -2.3674418604651586, -2.3674418604651586, -2.3674418604651586, -2.134883720930251, -2.134883720930251, -1.7627906976744385, -1.9488372093023447, -2.274418604651189, -1.9488372093023447, -0.9720930232558124, -1.0186046511628137, -1.4837209302325627, -1.2976744186046565, -1.5767441860465323, -2.134883720930251, -1.9023255813953766, -2.3674418604651586, -2.0418604651163146, -2.3674418604651586, -2.3674418604651586, -1.8558139534884082, -2.2279069767442206, -2.600000000000033, -2.600000000000033, -2.600000000000033, -2.5069767441860966, -2.460465116279095, -2.600000000000033, -2.7860465116279394, -2.6930232558140026, -3.1116279069767834, -2.879069767441909, -3.1581395348837846, -2.8325581395349406, -3.1581395348837846, -3.1581395348837846, -3.0186046511628466, -2.9720930232558453, -3.1581395348837846, -3.1581395348837846, -3.204651162790753, -3.1581395348837846, -3.2511627906977214, -3.204651162790753, -3.3906976744186594, -3.4837209302325958, -3.530232558139597, -3.530232558139597, -3.7162790697675034, -4.041860465116348, -3.948837209302378, -4.041860465116348, -4.041860465116348, -3.9023255813954094, -3.995348837209379, -3.9023255813954094, -4.041860465116348, -3.995348837209379, -3.762790697674472, -3.9023255813954094, -3.344186046511691, -3.1116279069767834, -3.3906976744186594, -3.4372093023256274, -3.5767441860465654, -3.623255813953534, -3.623255813953534, -3.8093023255814398, -3.7162790697675034, -3.4372093023256274, -3.3906976744186594, -3.669767441860535, -3.8558139534884415, -3.762790697674472, -3.948837209302378, -4.1813953488372855, -4.088372093023316, -3.9023255813954094, -3.9023255813954094, -3.669767441860535, -3.762790697674472, -3.5767441860465654, -3.530232558139597, -4.088372093023316, -6.413953488372193, -6.553488372093131, -6.274418604651255, -5.762790697674505, -5.948837209302411, -5.669767441860568, -5.716279069767537, -5.669767441860568, -5.669767441860568, -5.53023255813963, -5.53023255813963, -5.4837209302326615, -5.53023255813963, -5.53023255813963, -5.53023255813963, -5.623255813953567, -5.4837209302326615, -5.53023255813963, -5.623255813953567, -5.576744186046598, -5.53023255813963, -5.716279069767537, -5.669767441860568, -4.92558139534891, -5.065116279069848, -5.065116279069848, -5.111627906976817, -5.065116279069848, -4.972093023255878, -4.972093023255878, -4.92558139534891, -4.8325581395349735, -5.01860465116288, -4.972093023255878, -4.92558139534891, -4.92558139534891, -4.786046511627973, -4.553488372093097, -4.879069767441942, -5.111627906976817, -5.01860465116288, -4.320930232558223, -4.553488372093097, -5.204651162790786, -5.1581395348838175, -5.251162790697754, -5.437209302325661, -5.762790697674505, -5.623255813953567, -5.204651162790786, -4.8325581395349735, -4.553488372093097, -4.5069767441861295, -4.134883720930284, -3.8093023255814398, -3.4372093023256274, -3.344186046511691, -3.1581395348837846]"
PFE,2,1666031100.0,1666032900.0,43.382,43.45199999999999,,0.5999999999999797,,,-0.8285714285715069,"[-0.17142857142859463, -0.5999999999999797, -0.5999999999999797, 0.2571428571428919, 0.5428571428572502, 0.5428571428572502, 0.8285714285715069]"
PFE,2,1666704300.0,1666722900.0,45.342,45.537,,3.497435897435903,,,-0.9128205128205339,"[-2.420512820512824, -3.497435897435903, -2.471794871794865, -2.728205128205106, -2.1641025641025458, -1.2923076923076666, -0.36923076923074627, -1.1384615384615435, -0.7794871794871836, -0.6256410256410242, -0.3179487179487052, -0.11282051282050479, 0.2974358974358961, 0.45128205128205556, 0.04102564102565467, -0.2666666666666642, 0.24615384615385513, 0.09230769230769567, -0.06153846153846378, 0.14358974358973667, -0.010256410256386338, 0.09230769230769567, -0.010256410256386338, 0.09230769230769567, 0.04102564102565467, -0.16410256410254578, -0.3179487179487052, -0.5743589743589831, -0.6256410256410242, -0.6256410256410242, -0.933333333333343, -1.1897435897435844, -0.8307692307692246, -0.984615384615384, -0.8307692307692246, -1.087179487179466, -1.394871794871785, -0.8307692307692246, -0.7794871794871836, -0.6256410256410242, -0.4205128205128237, -0.4205128205128237, -0.11282051282050479, -0.16410256410254578, 0.04102564102565467, 0.14358974358973667, 0.40000000000001457, 0.24615384615385513, 0.553846153846174, 0.8615384615384565, 0.45128205128205556, 0.14358974358973667, 0.14358974358973667, -0.36923076923074627, -0.2666666666666642, 0.04102564102565467, 0.14358974358973667, -0.06153846153846378, -0.4205128205128237, 0.45128205128205556, 0.14358974358973667, 0.8615384615384565, 0.9128205128205339]"
PFE,2,1666872600.0,1666964100.0,46.096,46.25599999999999,,5.60000000000008,1.2875000000000023,,1.2875000000000023,"[0.21250000000004218, -1.2250000000000134, -0.8499999999999911, -1.5999999999999912, -1.5999999999999912, -0.2875000000000022, -1.2875000000000023, -1.2875000000000023, -1.0999999999999912, -1.0999999999999912, -1.0999999999999912, -0.9750000000000133, -0.7875000000000022, -1.0999999999999912, -2.2875000000000467, -3.1000000000000356, -3.0375000000000467, -2.8500000000000356, -3.725000000000058, -3.6000000000000356, -3.6000000000000356, -3.0375000000000467, -2.725000000000058, -1.9750000000000134, -2.1625000000000245, -2.6000000000000356, -2.6000000000000356, -2.4125000000000245, -2.9125000000000245, -3.2875000000000467, -3.225000000000058, -3.1625000000000245, -2.5375000000000467, -2.7875000000000467, -3.1625000000000245, -2.7875000000000467, -3.0375000000000467, -2.7875000000000467, -2.6625000000000245, -2.975000000000058, -3.2875000000000467, -3.0375000000000467, -2.9125000000000245, -2.7875000000000467, -2.9125000000000245, -2.7875000000000467, -2.7875000000000467, -2.4125000000000245, -2.9125000000000245, -2.975000000000058, -3.412500000000069, -3.0375000000000467, -2.6000000000000356, -2.5375000000000467, -2.4750000000000134, -2.4750000000000134, -2.6000000000000356, -2.4750000000000134, -2.4125000000000245, -2.5375000000000467, -2.2875000000000467, -2.2250000000000134, -2.2875000000000467, -2.6625000000000245, -2.6000000000000356, -3.1625000000000245, -3.225000000000058, -3.0375000000000467, -3.1625000000000245, -3.0375000000000467, -3.1625000000000245, -3.0375000000000467, -2.8500000000000356, -2.6625000000000245, -2.975000000000058, -3.1625000000000245, -3.225000000000058, -3.2875000000000467, -3.225000000000058, -3.3500000000000356, -3.412500000000069, -2.9125000000000245, -3.0375000000000467, -2.7875000000000467, -2.5375000000000467, -2.4750000000000134, -2.0375000000000023, -1.6625000000000245, -2.1625000000000245, -1.8500000000000356, -5.10000000000008, -5.225000000000102, -5.475000000000102, -5.60000000000008, -5.10000000000008, -5.10000000000008, -5.225000000000102, -5.225000000000102, -5.225000000000102, -5.225000000000102, -5.412500000000113, -5.162500000000069, -4.85000000000008, -4.85000000000008, -4.85000000000008, -4.725000000000057, -4.60000000000008, -4.537500000000091, -4.60000000000008, -4.60000000000008, -4.85000000000008, -4.85000000000008, -4.85000000000008, -4.85000000000008, -4.287500000000091, -4.10000000000008, -4.662500000000069, -4.225000000000057, -4.662500000000069, -4.35000000000008, -4.537500000000091, -3.85000000000008, -3.85000000000008, -3.475000000000058, -2.2250000000000134, -1.2250000000000134, -1.2875000000000023]"
PFE,1,1667329800.0,1667330100.0,47.694,47.63400000000001,,-0.7333333333334596,,,-0.7333333333334596,
PFE,1,1667414100.0,1667415000.0,47.07,46.97,,1.0,,,-1,
MMM,2,1664985900.0,1664988300.0,114.459,115.074,,-0.27804878048779463,,,-1,"[0.27804878048779463, 0.3918699186991897, 0.7495934959349632, 0.7658536585365977, 0.7008130081300828, 0.5056910569105617, 0.6845528455284484, 0.7495934959349632, 1.1723577235772515]"
MMM,2,1665583200.0,1665669300.0,109.54,109.79,,6.1200000000000045,,,-1,"[-0.32000000000005, -1.2000000000000455, -2.2800000000000296, -1.8000000000000114, -2.240000000000009, -1.5200000000000387, -0.2400000000000091, -1.1200000000000045, -1.4399999999999977, -1.920000000000016, -2.240000000000009, -2.5200000000000387, -1.0400000000000205, -1.2800000000000296, -1.2000000000000455, -1.6400000000000432, -2.32000000000005, -1.9600000000000364, -2.480000000000018, -2.2000000000000455, -1.6800000000000068, -1.6800000000000068, -1.2000000000000455, -1.080000000000041, -1.2000000000000455, -1.4399999999999977, -1.240000000000009, -1.0, -1.2000000000000455, -1.7600000000000477, -1.7200000000000273, -2.480000000000018, -3.0400000000000205, -2.680000000000007, -2.2800000000000296, -1.8800000000000523, -2.400000000000034, -1.9600000000000364, -1.8400000000000318, -2.400000000000034, -2.7200000000000273, -2.1200000000000045, -2.920000000000016, -2.9600000000000364, -3.2000000000000455, -2.9600000000000364, -3.2000000000000455, -3.0, -3.240000000000009, -2.1200000000000045, -1.080000000000041, -1.1200000000000045, -1.3600000000000136, -0.6000000000000227, -0.32000000000005, -0.08000000000004093, -0.4399999999999977, -0.9600000000000364, -1.160000000000025, -1.160000000000025, -1.4399999999999977, -1.0400000000000205, -0.8000000000000114, -0.6000000000000227, -1.0400000000000205, -1.1200000000000045, -1.0400000000000205, -1.2000000000000455, -1.0, -6.1200000000000045, -2.8000000000000114, 0.03999999999996362, 1.1599999999999682]"
MMM,2,1665669000.0,1665669900.0,109.034,110.058,,-0.5039062499999909,,,-1,"[0.5039062499999909, 0.7773437499999918, 0.865234374999995, 1.4218749999999878]"
MMM,1,1666015200.0,1666017000.0,114.03800000000001,113.343,,-0.2129496402877824,,,-0.9179856115107892,
MMM,1,1666115100.0,1666118100.0,115.848,115.47800000000001,,0.5729729729729969,,,-0.8594594594594761,
MMM,2,1666203300.0,1666273200.0,114.332,114.60199999999999,,1.8222222222222129,,,-0.2518518518519002,"[-0.5259259259259185, -0.6370370370370355, -0.599999999999979, -0.9703703703703863, -1.4148148148148016, -1.7481481481481524, -1.8222222222222129, -1.562962962962975, -1.3777777777777978, -1.1555555555555637, -0.5259259259259185, -0.19259259259256764, 0.5481481481481946, 0.02962962962966628, -0.4518518518518581, -0.08148148148145068, -0.41481481481480154, -0.15555555555551112, 0.2518518518519002]"
MMM,1,1666638300.0,1666705200.0,118.614,118.40400000000001,,0.6476190476190463,-7.447619047619304,,-1,
MMM,1,1666966800.0,1667415000.0,124.27,124.07,,10.949999999999832,,,-0.6999999999999929,
MMM,2,1667415600.0,1667415900.0,124.424,124.91400000000002,,0.08979591836736801,,,-1,"[-0.08979591836736801, 1.461224489795879]"
MCD,2,1665171300.0,1665171600.0,232.356,232.666,,-0.9161290322580314,,,-1,"[0.9161290322580314, 1.625806451612953]"
MCD,2,1665582000.0,1665582300.0,237.75400000000002,238.49400000000003,,-0.5891891891891531,,,-0.5891891891891531,"[0.7918918918918609, 0.5891891891891531]"
MCD,1,1666380600.0,1666620900.0,255.014,254.43800000000002,,2.215277777777821,,,-1,
MCD,1,1666019400.0,1666811100.0,243.87599999999998,242.81099999999998,,15.515492957746513,12.661032863849828,,12.661032863849828,
MCD,1,1666201500.0,1666811100.0,249.212,247.76399999999998,,7.726519337016526,5.627071823204408,,5.627071823204408,
MCD,1,1666112100.0,1666811400.0,248.806,247.78200000000004,,11.32226562500027,8.353515625000226,,8.041015625000224,
MCD,1,1666985700.0,1667223600.0,274.188,273.868,,0.38125000000005216,,,-1,
MCD,2,1667241300.0,1667241900.0,271.948,272.27799999999996,,-0.24848484848484118,,,-0.7939393939394336,"[0.24848484848484118, 0.703030303030421, 0.7939393939394336]"
TMO,2,1665582000.0,1665582600.0,501.106,502.966,,-0.19032258064515184,,,-1,"[0.19032258064515184, 0.6204301075268752, 1.1043010752688256]"
TMO,2,1665756300.0,1666014000.0,508.13800000000003,510.56800000000004,,2.32427983539095,-2.3053497942386665,,-1,"[-0.32839506172841826, -1.1720164609053518, -0.9580246913580349, -1.575308641975317, -1.0320987654321117, -1.3407407407407528, -1.3160493827160604, -2.254320987654318, -1.6576131687242834, -1.332510288065863, -1.0485596707819143, -0.702880658436223, -1.2543209876543415, -1.6288065843621464, -2.044444444444446, -1.6123456790123438, -1.6288065843621464, -1.9127572016460952, -1.365432098765445, -1.3777777777777793, -1.2707818930041208, -1.361316872428, -1.579423868312762, -0.9909465020576167, -1.9580246913580348, -2.2337448559670943, -1.8716049382716238, -2.1308641975308804, -1.6205761316872567, -1.9004115226337608, -1.616460905349812, -1.3037037037037027, -1.9045267489712057, -2.196707818930044, -2.3160493827160606, -1.8222222222222393, -2.073251028806583, -2.196707818930044, -2.172016460905352, -1.91687242798354, -1.706995884773668, -1.4436213991769664, -1.5547325102880698, -1.6288065843621464, -1.4395061728395215, -1.4559670781893008, -1.2543209876543415, -1.390123456790137, -1.5588477366255145, -1.488888888888906, -1.6946502057613335, -1.6864197530864204, -1.920987654320985, -2.1020576131687436, -2.0938271604938303, -2.1596707818930176, -2.2748971193415657, -2.1925925925925993, -1.986831275720172, -1.5053497942386853, -2.0362139917695563, -2.3160493827160606, -2.32427983539095, -1.8716049382716238, -1.678189300411531, -1.702880658436223, -2.0773662551440513, -1.9497942386831453, 2.3053497942386665]"
TMO,1,1666791600.0,1666804500.0,508.872,506.192,,2.947014925373115,-0.23582089552238933,,-0.23582089552238933,
TMO,1,1666964700.0,1667396400.0,500.792,498.86199999999997,8.339937823834159,12.636269430051756,4.423834196891182,,4.423834196891182,
TMO,1,1667316000.0,1667396400.0,513.68,512.0,,3.9166666666668077,-2.5892857142857713,,-1,
TMO,1,1667223900.0,1667396700.0,506.771,502.907,,4.764233954451289,0.662267080745328,,0.28183229813664323,
TMO,2,1667415300.0,1667415900.0,500.549,503.01399999999995,,-0.020689655172432084,,,-1,"[0.020689655172432084, 0.4831643002028572, 1.3716024340771047]"
MSFT,2,1664984100.0,1664985900.0,245.638,246.618,,0.5591836734693955,,,-0.8489795918367371,"[0.05306122448978882, -0.18163265306122361, -0.5591836734693955, -0.3551020408163437, -0.13061224489797515, -0.4877551020408302, 0.8489795918367371]"
MSFT,2,1665082500.0,1665084000.0,246.992,247.51199999999997,,0.31153846153842957,,,-0.4769230769231299,"[0.40000000000001096, 0.28461538461538716, -0.19615384615386044, -0.31153846153842957, 0.2461538461538823, 0.4769230769231299]"
MSFT,2,1665171300.0,1665171600.0,233.43,233.83,,-1.349999999999961,,,-1,"[1.349999999999961, 1.4249999999999627]"
MSFT,2,1665499200.0,1665501900.0,226.596,227.35600000000002,,1.1921052631578721,,,-0.9789473684210275,"[-0.5342105263157837, -1.0736842105262918, -0.7578947368420773, -1.1921052631578721, 0.2157894736841883, -0.284210526315793, -0.38947368421050627, 0.22894736842105548, 0.7421052631578666, 0.9789473684210275]"
MSFT,2,1665585900.0,1665587400.0,224.25,224.89000000000001,,0.12500000000001665,,,-1,"[0.09375000000000139, 0.6718749999999951, -0.12500000000001665, 0.6562499999999654, 0.390624999999991, 1.3749999999999611]"
MSFT,2,1665568800.0,1665598200.0,226.612,227.632,,2.550980392156841,,,-0.870588235294114,"[0.7529411764705813, 0.6058823529411654, 0.4588235294117775, 0.4294117647058943, 0.1843137254902105, -0.07058823529411962, -0.14901960784312282, 0.017647058823529904, -0.20784313725488918, -0.19803921568627075, -0.19803921568627075, 0.05686274509803151, 0.28235294117647847, 0.20392156862744737, 0.44901960784313116, 0.3117647058823616, 0.4294117647058943, 0.4980392156862791, 0.47843137254901436, 0.4980392156862791, 0.4000000000000111, 0.3215686274509801, 0.1843137254902105, 0.1843137254902105, 0.2235294117647121, 0.16470588235294575, 0.15490196078432733, 0.28235294117647847, 0.5078431372548975, 0.4294117647058943, -2.0411764705882085, -1.4921568627450745, -1.0803921568627382, -1.47254901960781, -1.4431372549019545, -1.2666666666666555, -1.8941176470587928, -2.060784313725473, -2.021568627450944, -1.9333333333333222, -1.8941176470587928, -1.7568627450980232, -2.1882352941176246, -0.952941176470587, -0.23725490196077234, -0.6392156862744904, -0.44313725490195455, -0.3843137254901882, -1.001960784313707, -1.4823529411764562, -1.903921568627439, -1.5803921568627242, -1.5411764705882225, -1.2372549019607724, -1.4333333333333083, -2.158823529411741, -2.550980392156841, -2.2568627450980094, -1.8941176470587928, -2.3941176470588066, -1.903921568627439, -2.0705882352940916, -1.452941176470573, -1.5803921568627242, -1.5607843137254593, -1.3941176470588066, -1.5607843137254593, -1.3843137254901883, -1.1098039215686213, -1.2176470588235075, -0.72745098039214, -0.8843137254901743, -0.7568627450980232, -1.0313725490195902, -1.4921568627450745, -1.227450980392126, -1.6098039215686073, -1.7372549019607584, -1.5607843137254593, -2.060784313725473, -2.0901960784313567, -1.7960784313725247, -1.678431372548992, -1.2176470588235075, -0.8549019607842911, -0.36470588235292345, -0.20784313725488918, -0.4627450980392193, -0.5313725490196041, -0.2470588235293908, -0.6196078431372536, -0.5019607843137209, -0.20784313725488918, -0.04117647058823644, -0.14901960784312282, -0.3745098039215698, -0.72745098039214, 0.28235294117647847, 0.870588235294114]"
MSFT,1,1665600600.0,1665664200.0,226.282,225.252,,1.483495145631058,,,-1,
MSFT,1,1665753900.0,1665755400.0,234.95600000000002,233.966,,1.7313131313130854,,,-0.9858585858586046,
MSFT,1,1666011900.0,1666103700.0,233.106,232.36599999999999,9.252486486486369,14.01891891891874,7.5999999999999,6.802702702702608,7.5999999999999,
MSFT,1,1666190400.0,1666190700.0,238.328,237.80800000000002,,-0.5923076923076991,,,-0.6115384615385061,
MSFT,1,1666263300.0,1666270500.0,236.328,235.308,,1.825490196078408,,,-0.8215686274509661,
MSFT,1,1666357800.0,1666358700.0,235.388,234.118,,-0.12440944881890881,,,-0.8173228346456713,
MSFT,1,1667210700.0,1667211000.0,234.436,234.04600000000002,,-2.400000000000102,,,-1,
MSFT,2,1667228700.0,1667231400.0,232.304,233.544,,-0.09354838709676178,,,-1,"[0.09354838709676178, 0.18225806451612697, 0.10967741935483442, 0.4000000000000046, 0.5532258064516146, 0.6096774193548344, 0.2870967741935419, 0.7709677419354692, 0.730645161290322, 1.2064516129032246]"
REGN,2,1665171000.0,1665410400.0,721.404,723.7080000000001,,1.0868055555555227,,,-1,"[-0.006076388888893001, 0.5668402777777737, 0.545138888888856, -0.3836805555555473, -1.0868055555555227, -0.2838541666666543, -0.8307291666666297, 1.365451388888819]"
REGN,2,1665150600.0,1665429000.0,727.067,731.3620000000001,,1.9015133876600445,,,-1,"[0.3965075669382877, -0.03422584400466722, -0.41373690337602176, -1.0959254947613304, -0.5930151338765965, -0.3019790454016306, 0.0006984866123498709, 0.17764842840512707, 0.07753201396972395, -0.21350407450524203, 0.4197904540162903, 0.2894062863794918, 0.2149010477299153, -0.03888242142026244, 0.35459837019790424, 0.4244470314318855, 0.6223515715948676, 0.3173457508730895, 0.7783469150174399, 0.7946449359720497, 0.7736903376018447, 0.2940628637951134, 0.3057043073341015, 0.0658905704307359, 0.1264260768335267, 0.07054714784633112, 0.03329452852154288, 0.1240977881257291, 0.2614668218859204, 0.27077997671711085, 0.29871944121070865, 0.3708963911524875, -0.3788125727590047, -0.5883585564610013, -0.43469150174620025, -0.4207217694994146, -0.6302677532013848, -0.7490104772991688, -0.946915017462151, -0.8887077997671577, -0.7350407450523831, -0.6139697322468015, -0.6791618160651876, -0.45098952270081, -0.602328288707787, -0.6861466821885804, -0.47194412107101497, -0.5068684516880057, -0.418393480791617, -0.4230500582072122, -0.5068684516880057, -0.4812572759022054, -0.504540162980208, -0.5999999999999894, -0.7816065192083618, -0.7140861466821782, -0.27636786961583043, -0.5161816065191961, -0.5743888242141892, -0.6046565774155847, -0.45098952270081, -0.49988358556461276, -0.2973224679860354, -0.655878928987185, -0.9771827706635464, -0.9818393480791416, -1.184400465657719, -1.5196740395808925, -1.3217694994179103, -1.0144353899883345, -1.0260768335273491, -1.5243306169964876, -1.9015133876600445, -1.4707799767170897, -1.7641443538998534, -0.5860302677532038, -0.45098952270081, -0.41140861466822415, -0.4463329452852148, -0.5790454016297845, -0.13201396973224624, -0.667520372526173, -0.9050058207217675, -0.537136204889401, -0.5720605355063916, -0.483585564610003, -0.4766006984866102, -0.979511059371344, -1.4498253783468846, -1.2612339930151195, -1.3310826542491008, -1.3380675203724937, -1.4498253783468846, -1.3543655413271034, -1.6523864959254622, -1.349708963911508, -1.1983701979045311, -0.8444703143189503, -0.9445867287543533, -1.0819557625145446, -1.2658905704307146, -1.1448195576251332, -1.0353899883585396, -1.1867287543655165, -1.2379511059371169, -1.033061699650742, -0.774621653084969, -0.8887077997671577, -0.7024447031431902, -0.7257275902211663, -0.5348079161816034, -0.7071012805587854, -0.5976717112921918, -0.25308498253782785, -0.4230500582072122, -0.2880093131548185, -0.33224679860302603, -0.2414435389988398, -0.1785797438882514, -0.2018626309662275, 0.6037252619324603, 0.5967403958090675, 0.4547147846332809, 0.3732246798602851, 0.46635622817229544, 0.4500582072176857, 0.4779976717112835, 0.3732246798602851, 0.5571594877764816, 0.6596041909196558, 0.6782305005820632, 0.5804423748544577, 0.43376018626307594, 0.4477299185098881, 0.3895227008148949, 0.3452852153666873, 0.5478463329452647, 1.057741559953418]"
REGN,2,1666018500.0,1666018800.0,729.486,731.5459999999999,,0.03689320388350672,,,-0.09417475728153647,"[-0.03689320388350672, 0.09417475728153647]"
REGN,2,1666031400.0,1666031700.0,730.282,731.402,,-0.6678571428570809,,,-1,"[0.6678571428570809, 1.2571428571428658]"
REGN,2,1666121400.0,1666121700.0,720.148,722.528,,-1.2151260504201449,,,-1,"[1.3159663865546025, 1.2151260504201449]"
REGN,1,1666794000.0,1666800900.0,749.058,744.6260000000001,,0.8172382671480227,,,-0.9043321299639274,
REGN,1,1666380900.0,1666806000.0,715.9019999999999,712.122,,9.729629629629706,5.806349206349273,5.039153439153506,5.806349206349273,
REGN,1,1667224200.0,1667243100.0,751.802,748.4720000000001,,2.347747747747794,,,-0.9825825825826185,
AMGN,2,1665412200.0,1665412500.0,229.848,230.52800000000002,,-1.6794117647058595,,,-1,"[2.0764705882352406, 1.6794117647058595]"
AMGN,1,1665513300.0,1665513600.0,247.35399999999998,246.89399999999998,,-0.18260869565211588,,,-1,
AMGN,2,1665597900.0,1665599100.0,247.132,247.452,,0.44374999999999665,,,-0.83750000000002,"[-0.25624999999998554, 0.11874999999994781, -0.06874999999997447, -0.44374999999999665, 0.83750000000002]"
AMGN,1,1665776100.0,1666014000.0,252.35999999999999,252.01,,-0.25714285714278984,,,-0.3999999999999675,
AMGN,1,1666100700.0,1666102500.0,253.106,252.71599999999998,,1.0871794871794629,,,-0.7846153846153118,
AMGN,2,1666289700.0,1666359600.0,246.586,247.19600000000003,,0.5508196721311561,,,-1,"[0.3344262295081553, 0.08852459016388921, -0.190163934426248, 0.5803278688524215, 0.49836065573765054, 0.44918032786884393, 0.6131147540983392, 0.4327868852458618, -0.30491803278689, -0.4360655737705141, 0.26885245901636656, -0.12459016393445922, -0.419672131147532, -0.5508196721311561, -0.22295081967216568, -0.45245901639344965, -0.09180327868854155, 0.9573770491802651, 3.5475409836064573]"
AMGN,2,1666371000.0,1666371300.0,251.87199999999999,252.992,,0.30535714285712784,0.17142857142855186,,0.30535714285712784,"[-0.17142857142855186, -0.30535714285712784]"
AMGN,1,1666380600.0,1666705200.0,251.98399999999998,251.724,23.92753846153941,36.25384615384759,20.676923076923927,19.869230769231454,20.676923076923927,
AMGN,1,1666637400.0,1666705500.0,260.484,259.828,,1.4115853658537139,-4.762195121951126,,-1,
AMGN,1,1666811400.0,1667223600.0,266.544,265.784,,9.639473684210671,5.218421052631652,7.152631578947501,5.218421052631652,
CVS,2,1665497700.0,1665498300.0,87.519,87.93400000000001,,-0.07469879518070177,,,-0.7012048192770902,"[0.07469879518070177, 0.6771084337349096, 0.7012048192770902]"
CVS,2,1665516000.0,1665516900.0,88.37,88.57000000000001,,0.3000000000000071,,,-1,"[-0.15000000000000355, -0.3000000000000071, 0.04999999999995382, 1.0999999999999788]"
CVS,2,1665595500.0,1665674100.0,88.268,88.398,,8.446153846154134,,,-1,"[0.3999999999999563, -0.6000000000000437, -0.7538461538461724, -0.6000000000000437, -0.06153846153842959, -0.5230769230769248, -0.3692307692307961, -1.0615384615385388, -0.6000000000000437, 0.32307692307694663, 0.015384615384580068, -0.6000000000000437, 0.32307692307694663, 0.24615384615382765, 0.7846153846154418, -0.06153846153842959, -0.7538461538461724, -1.0615384615385388, -1.3692307692307961, -1.3692307692307961, -1.523076923077034, -1.6000000000000438, -0.9076923076923009, -0.6769230769230534, -2.2923076923077863, -1.4461538461539152, -1.7538461538461723, -1.4461538461539152, -6.907692307692519, -8.369230769231015, -8.369230769231015, -8.446153846154134, -5.446153846154024, -4.830769230769401, -3.90769230769241, -4.600000000000153, -5.061538461538648, -6.676923076923272, -6.6000000000002625, -6.2923076923078956, -5.676923076923272, -4.600000000000153, -4.061538461538648, -4.830769230769401, -4.138461538461658, -0.9076923076923009, -2.138461538461658, 1.9384615384615704]"
CVS,2,1665758100.0,1666014000.0,89.376,89.78600000000002,,1.2341463414633826,,,-0.595121951219496,"[0.03414634146340347, -1.2341463414633826, -0.8439024390243769, -0.5268292682926891, -0.5268292682926891, 0.22926829268290638, -0.13658536585368322, -0.23414634146341734, -0.3560975609756023, -0.03902439024391444, 0.25365853658535725, -0.4292682926829202, -0.3317073170731861, -0.014634146341463584, -0.0634146341463653, -0.11219512195123237, -0.20975609756096647, 0.5707317073170451, 0.2048780487804555, -0.0634146341463653, -0.20975609756096647, -0.6731707317073249, -0.6243902439024231, -0.6975609756097411, -0.11219512195123237, 0.42439024390240926, -0.11219512195123237, -0.4536585365853711, -0.4292682926829202, 0.22926829268290638, -0.03902439024391444, -0.2585365853658682, -0.20975609756096647, -0.4292682926829202, -0.30731707317073526, -0.20975609756096647, 0.15609756097558844, 0.32682926829267517, 0.35121951219509134, 0.13170731707317226, 0.5463414634145942, 0.6439024390243631, 0.521951219512178, 0.08292682926827054, -0.2585365853658682, -0.4292682926829202, -0.4780487804877873, -0.6975609756097411, -0.600000000000007, -0.5268292682926891, -0.2585365853658682, -0.4536585365853711, -0.5024390243902381, -0.30731707317073526, -0.6975609756097411, -0.7951219512195098, -0.770731707317059, -0.40487804878050404, 0.058536585365854335, 0.27804878048777343, -0.3317073170731861, -0.5268292682926891, 0.595121951219496]"
CVS,1,1666015200.0,1666019400.0,89.71600000000001,89.47600000000001,,2.6000000000000356,,,-1,
CVS,1,1666101000.0,1666105500.0,91.272,90.742,,0.48679245283017925,,,-0.7773584905660477,
CVS,1,1666118100.0,1666118400.0,91.054,90.89399999999999,,-1.02499999999994,,,-1,
CVS,1,1666273500.0,1666285500.0,91.44200000000001,91.11200000000001,,1.4484848484848392,,,-0.8545454545454914,
CVS,1,1667227200.0,1667242800.0,94.836,94.696,,6.457142857142805,,6.457142857142805,-1,
CVS,1,1667323800.0,1667324400.0,94.512,94.282,,-0.2260869565217644,,,-0.965217391304306,
JP225,1,1664946600.0,1664949900.0,27114.4,27099.4,,1.3,,,-1,
JP225,2,1664976600.0,1664976900.0,26951.0,26981.0,,-0.2300000000000485,,,-0.2300000000000485,"[0.5666666666666667, 0.2300000000000485]"
JP225,1,1665060300.0,1665062400.0,27127.54,27077.440000000002,,0.09500998003989097,,,-0.9928143712575458,
JP225,1,1665113400.0,1665123600.0,27098.62,27058.82,,1.122613065326661,,,-1,
JP225,2,1665126000.0,1665133200.0,27083.219999999998,27133.42,,0.20557768924294664,,,-1,"[0.2984063745020515, 0.7804780876494694, 0.7924302788844999, 0.5912350597610259, 0.6908366533865224, 0.49163346613552933, 0.09521912350602399, 0.09521912350602399, -0.2035856573704657, -0.006374501991953513, -0.004382470119472569, -0.2035856573704657, -0.20557768924294664, -0.20557768924294664, 0.09322709163354305, -0.004382470119472569, 0.41195219123513205, -0.004382470119472569, 0.29442231075701714, 0.19282868525903962, 0.39203187251003274, 0.5912350597610259, 0.6928286852590034, 0.8900398406375155, 1.1848605577689708]"
JP225,1,1665145200.0,1665145800.0,27163.04,27138.440000000002,,0.5105691056909925,,,-1,
JP225,2,1665382200.0,1665385800.0,26572.0,26602.0,,2.4533333333332847,,,-1,"[0.21666666666666667, -0.2833333333333333, -0.45, -0.6166666666666667, -1.6199999999999515, -1.2866666666666182, -1.4533333333332847, -1.956666666666691, -2.4533333333332847, -1.793333333333309, 0.030000000000048505, 0.19666666666671517, 1.5233333333333576]"
JP225,1,1665396900.0,1665409800.0,26635.059999999998,26590.159999999996,,2.4641425389754894,,,-0.9478841870823228,
JP225,1,1665567000.0,1665569700.0,26474.86,26445.46,,0.0897959183673227,,,-0.9238095238094731,
JP225,2,1665578100.0,1665582300.0,26382.25,26432.5,,1.2845771144278462,,,-0.5044776119402695,"[-0.1422885572139593, 0.3890547263681447, -0.0029850746268946307, -0.21194029850749166, -0.19402985074626866, -0.6895522388059991, -1.2845771144278462, -0.88656716417909, -0.2935323383084577, -0.19203980099505383, -0.3890547263681447, -0.9840796019900643, 0.4109452736318698, 0.9184079601990339, 0.5044776119402695]"
JP225,1,1665652500.0,1665653700.0,26353.52,26338.22,,0.6000000000000476,,,-0.47189542483669983,
JP225,1,1665705000.0,1665705600.0,26874.31,26839.16,,-0.17951635846375671,,,-0.47823613086772726,
JP225,2,1665775200.0,1665775500.0,26668.0,26692.5,,-0.6040816326530315,,,-0.8081632653060927,"[0.6040816326530315, 0.8081632653060927]"
JP225,1,1665990300.0,1665990900.0,26807.129999999997,26772.679999999997,,0.16458635703923866,,,-1,
JP225,1,1666053300.0,1666054800.0,27095.260000000002,27025.82,,-0.1088709677419507,,,-1,
JP225,1,1666001700.0,1666055700.0,26859.44,26829.839999999997,8.423027027026452,12.76216216216129,4.69121621621589,6.525675675675189,4.69121621621589,
JP225,2,1666087200.0,1666092000.0,27146.66,27186.760000000002,,0.23840399002495735,,,-0.8887780548627799,"[-0.0962593516209569, -0.22842892768078193, 0.018453865336697267, 0.14563591022443462, 0.27032418952617343, 0.14563591022443462, 0.1356608478802592, 0.6319201995012161, 0.1356608478802592, 0.1356608478802592, 0.010972568578520359, -0.23840399002495735, 0.3875311720698261, 0.512219451371565, 0.5147132169575634, 0.3900249376558246, 0.8887780548627799]"
JP225,1,1666173600.0,1666174200.0,27218.54,27203.440000000002,,0.593377483443708,,,-0.7841059602649859,
JP225,2,1666187400.0,1666188900.0,27085.84,27140.739999999998,,0.4178506375227614,,,-1,"[0.12677595628414215, -0.4178506375227614, -0.05355191256828429, 0.21967213114757358, 0.8571948998179085, 1.041165755919893]"
JP225,2,1666230000.0,1666233000.0,26918.92,26954.12,,0.455113636363536,,,-1,"[-0.38977272727264894, -0.026136363636313487, 0.25795454545458973, -0.15681818181808763, -0.4522727272726683, -0.026136363636313487, -0.455113636363536, 0.25511363636372203, 0.26363636363642845, 0.8289772727272638, 1.4000000000000414]"
JP225,1,1666242900.0,1666243200.0,27065.63,27028.180000000004,,-0.33991989319093596,,,-0.7404539385848256,
JP225,1,1666260000.0,1666286100.0,27015.04,26985.440000000002,,9.397297297297754,1.9581081081081748,,1.9581081081081748,
JP225,1,1666359000.0,1666365000.0,26916.84,26874.74,,4.621377672209217,,,-1,
JP225,2,1666605000.0,1666605600.0,26985.46,27040.059999999998,,-0.5831501831502014,,,-0.8652014652015175,"[0.5831501831502014, 0.6820512820513296, 0.8652014652015175]"
JP225,1,1666638300.0,1666656000.0,27141.4,27121.4,,3.225,,,-1,
JP225,2,1666742700.0,1666747800.0,27470.44,27533.339999999997,,0.3901430842607009,,,-1,"[-0.3901430842607009, 0.12019077901433342, 0.6813990461049614, 0.28871224165342585, 0.4874403815580432, 0.3236883942766501, 0.6480127186010087, 0.4111287758346817, 0.25691573926868705, 0.2903020667726975, 0.33163751987283474, 0.519236883942782, 0.22511923688394828, 0.3602543720190881, 0.519236883942782, 0.519236883942782, 0.5176470588235682, 1.158346581876043]"
JP225,2,1666788600.0,1666789800.0,27437.34,27452.239999999998,,0.6067114093961207,,,-0.7288590604028304,"[-0.6067114093961207, 0.3932885906041235, 0.4, 0.3932885906041235, 0.7288590604028304]"
JP225,2,1666792800.0,1666793700.0,27521.1,27542.1,,1.0904761904760865,,,-1,"[-1.0904761904760865, -0.42857142857142855, 0.09047619047625977, 1.4047619047619047]"
JP225,2,1666832100.0,1666832400.0,27362.04,27376.940000000002,,0.23758389261748505,,,-1,"[-0.23758389261748505, 2.9637583892614456]"
JP225,2,1666858500.0,1666873800.0,27327.68,27367.98,,1.7265508684864268,,,-0.23126550868486048,"[-0.23771712158813696, -0.7364764267990279, -0.7215880893300811, -0.6099255583127094, -0.7339950372209002, -0.7339950372209002, -0.3642679900744555, -0.4883374689826463, -0.6198511166253106, -0.7339950372209002, -0.992059553349883, -1.2029776674938075, -0.7364764267990279, -0.8605459057072188, -0.8605459057072188, -1.1086848635236004, -1.1111662531017281, -1.1111662531017281, -1.1012406947891271, -1.1086848635236004, -1.2327543424317913, -1.1111662531017281, -1.1111662531017281, -0.9771712158809363, -1.1086848635236004, -0.9846153846154097, -1.3568238213399821, -1.2327543424317913, -1.480893300248173, -1.7265508684864268, -1.480893300248173, -1.6173697270471827, -1.7265508684864268, -1.3568238213399821, -1.1086848635236004, -1.1062034739454727, -0.8481389578163997, -0.7439205955335013, -0.7240694789082088, -0.6074441687344915, -0.845657568238272, -1.1062034739454727, -1.2302729528536636, -1.4660049627792262, -1.4759305210918272, -1.600000000000018, -1.4734491315136995, -1.1012406947891271, -1.2277915632754455, -0.7141439205955175, -0.8630272952853465, 0.23126550868486048]"
JP225,2,1666879200.0,1666879800.0,27247.940000000002,27297.840000000004,,-0.10941883767533002,,,-1,"[0.10941883767533002, 0.7046092184367774, 1.8989979959918966]"
JP225,2,1667176200.0,1667181300.0,27483.74,27551.140000000003,,1.0065281899109597,,,-0.7160237388723644,"[-0.407121661721094, -0.48130563798222, -0.43976261127600025, -0.08071216617213962, 0.14035608308603742, 0.11364985163204286, -0.039169139465919864, -0.17566765578634852, -0.33590504451042386, -0.7839762611275817, -0.7854599406528365, -0.7112759643917106, -1.0065281899109597, -0.48427299703267584, -0.48278931750742093, 0.3302670623145092, 0.925222551928718, 0.7160237388723644]"
JP225,2,1667200800.0,1667201400.0,27508.7,27528.7,,-0.15,,,-1,"[0.15, 0.6449999999998909, 1.6350000000000364]"
JP225,1,1667263200.0,1667264100.0,27567.120000000003,27540.320000000003,,0.14850746268641915,,,-0.9522388059703272,
JP225,1,1667284500.0,1667287500.0,27675.719999999998,27640.92,,0.3097701149426063,,,-1,
JP225,2,1667407200.0,1667407800.0,27545.24,27569.08,,-0.24999999999996186,,,-1,"[0.24999999999996186, 0.6652684563757066, 1.088926174496601]"
JP225,2,1667313000.0,1667412000.0,27681.58,27741.88,,2.7459369817579393,,,-0.30878938640131354,"[0.1512437810945123, -0.5087893864013376, -1.092537313432866, -1.4225538971808211, -1.4208955223880817, -1.9217247097844514, -1.9996683250415124, -1.9996683250415124, -1.9150912106136748, -2.3296849087894675, -2.4126036484246263, -1.9167495854063539, -1.9996683250415124, -2.663018242122781, -2.7459369817579393, -2.4142620232173053, -2.2467661691543093, -2.238474295190793, -2.24510779436157, -2.0859038142620894, -2.326368159204049, -2.4175787728027234, -2.4175787728027234, -2.2467661691543093, -2.24510779436157, -2.2467661691543093, -1.9980099502488333, -1.9930348258706756, -1.9150912106136748, -1.7658374792703895, -1.996351575456094, -1.9134328358209356, -1.508789386401398, -1.4988391376451429, -1.5734660033167855, -1.5800995024876223, -1.8271973466003586, -1.9930348258706756, -1.7459369817579393, -1.5834162520730406, -1.5834162520730406, -1.3363184079602441, -1.4175787728027236, -1.2517412935324066, -1.3313432835821466, -1.414262023217305, -1.4159203980099841, -1.2500829187396671, -1.4192371475954026, -1.4192371475954026, -1.5718076285241065, -1.6613598673300414, -1.4872305140962085, -0.9996683250415125, -1.0809286898839316, -0.9167495854063539, -1.2401326699834723, -1.2467661691542486, -1.2467661691542486, -1.6613598673300414, -1.4955223880597244, -1.6613598673300414, -1.4971807628524638, -1.4159203980099841, -1.414262023217305, -1.3296849087894074, -1.2119402985075063, -1.2036484245439905, -1.2069651741294087, -1.1290215588723478, -1.0461028192371893, -1.0444444444445102, -0.9565505804311938, -1.2119402985075063, -1.3711442786069865, -1.7442786069652, -1.8669983416252587, -1.6679933665008784, -1.0129353233831258, -1.1754560530680245, -0.9565505804311938, -0.7194029850746524, -0.5452736318408195, -0.5087893864013376, -0.7094527363184575, -0.5419568822554011, -0.45903814262024256, -0.33134328358214665, -0.8703150912106772, -0.9184079601990329, -1.1671641791045086, -1.1572139303483138, -0.8437810945273903, -0.5883913764511381, -0.5071310116086586, -0.42255389718082104, -0.5867330016583988, 0.1545605306799307, -0.00961857379770735, -0.1737976782753454, -0.34129353233834153, -0.00961857379770735, -0.00961857379770735, -0.1737976782753454, -0.004643449419609904, -0.002985074626870534, -0.08424543946935004, 0.08159203980096705, 0.0019900497512269125, 0.07827529021554865, 0.0019900497512269125, 0.00530679933664532, 0.08325041459364609, 0.09154228855716194, -0.3247097844113098, -0.15887230514099274, -0.47893864013269266, -0.24510779436156968, -0.07429519071315514, 0.0036484245439059506, -0.39436152570485505, -0.4938640132670453, -0.41757877280266326, -0.3280265339967282, -0.40928689883914743, -0.5734660033167854, -0.4971807628524637, -0.7509121061360369, -0.6646766169154599, -0.5817578772803014, -0.5817578772803014, -0.5817578772803014, -0.49883913764514276, -0.6630182421227808, -0.6630182421227808, -0.7459369817579393, -0.6696517412935573, -0.6630182421227808, -0.4971807628524637, -0.7442786069652, -0.4955223880597244, -0.4955223880597244, -0.41757877280266326, -0.4971807628524637, -0.5784411276948829, -0.5800995024876223, -0.5784411276948829, -0.4971807628524637, -0.4142620232173052, -0.24510779436156968, -0.2517412935323462, -0.3363184079602441, -0.5850746268657198, -0.6679933665008783, -0.6679933665008783, -0.6663349917081389, -0.6663349917081389, -0.7409618573797816, -0.6663349917081389, -0.6663349917081389, -0.6663349917081389, -0.5834162520729803, -0.6663349917081389, -0.832172470978456, -0.9134328358209355, -0.998009950248773, -0.9963515754560941, -0.9963515754560941, -0.7492537313432974, -0.6663349917081389, -0.6663349917081389, -0.49883913764514276, -0.5834162520729803, -0.7409618573797816, -0.5834162520729803, -0.5834162520729803, -0.7376451077944235, -0.3330016583748257, -0.3346600331675047, -0.16882255389718762, -0.258374792703183, -0.2517412935323462, -0.25008291873966715, -0.25008291873966715, -0.2484245439469881, -0.1671641791045086, -0.08424543946935004, -0.25008291873966715, -0.4159203980099842, -0.41923714759540265, -0.6679933665008783, -0.7509121061360369, -0.5834162520729803, -0.6646766169154599, -0.6663349917081389, -0.7492537313432974, -0.6663349917081389, -0.5817578772803014, -0.5834162520729803, -0.6663349917081389, -0.5834162520729803, -0.6646766169154599, -0.6663349917081389, -0.830514096185777, -0.832172470978456, -0.832172470978456, -0.9880597014925782, -0.998009950248773, -0.9996683250415125, -0.8371475953566138, -0.832172470978456, -0.9150912106136145, -0.7492537313432974, -0.7492537313432974, -0.6663349917081389, -0.5834162520729803, -0.4938640132670453, -0.3330016583748257, -0.2567164179105039, -0.1671641791045086, -0.1671641791045086, -0.0792703150912526, -0.0013266998341914958, -0.41757877280266326, -0.3346600331675047, -0.5850746268657198, -0.41923714759540265, -0.5834162520729803, -0.33797678275292314, -0.2550580431177646, -1.1688225538972479, -1.102487562189121, -0.9200663349917724, -0.9996683250415125, -0.9184079601990329, -0.9996683250415125, -1.082587064676671, -1.248424543946988, -1.082587064676671, -1.3363184079602441, -1.6646766169154599, -1.5883913764511381, -1.4175787728027236, -1.5038142620232402, -1.4208955223880817, -1.6796019900498125, -1.4175787728027236, -1.538640132670043, -1.7509121061360369, -1.7492537313433578, -2.0013266998341916, -2.08424543946935, -2.0013266998341916, -1.918407960199033, -1.9167495854063539, -1.9996683250415124, -1.8338308457711954, -1.9200663349917724, -1.7509121061360369, -1.8338308457711954, -2.080928689883992, -2.080928689883992, -1.9167495854063539, -2.0029850746269307, -1.8321724709785163, -1.9134328358209356, -1.7475953565506184, -1.5784411276948829, -1.5751243781095248, -1.5817578772803014, -1.5933665008292355, -1.8321724709785163, -1.908457711442838, -2.0361525704809944, -2.0046434494196097, -2.0776119402985738, -2.162189054726411, -2.4092868988392078, -2.162189054726411, -1.9980099502488333, -1.8305140961857769, -1.6663349917081993, -1.8321724709785163, -1.8321724709785163, -1.9150912106136748, -1.8271973466003586, -1.9150912106136748, -1.9980099502488333, -1.9134328358209356, -1.7492537313433578, -1.5834162520730406, -1.500497512437882, -1.568490878938688, -1.7492537313433578, 0.30878938640131354]"
JP225,1,1667455200.0,1667455500.0,27379.2,27359.7,,-0.14358974358970628,,,-0.9230769230769231,
JP225,2,1667475000.0,1667487600.0,27306.059999999998,27331.159999999996,,4.396812749004117,,,-1,"[-0.1976095617529647, -0.7952191235059874, -1.1976095617529647, -0.9944223107569949, -0.7912350597608803, -0.5920318725098728, -0.3968127490039723, -0.2015936254979269, -0.4007968127489345, -0.5840637450198034, -0.5920318725098728, -0.7952191235059874, -0.6039840637449042, -1.5999999999999421, -1.201593625497927, -1.8031872509960567, -1.8031872509960567, -2.002390438247064, -2.3968127490039723, -1.4007968127489345, -1.59601593625498, -1.994422310756995, -1.7912350597610252, -2.412749003984111, -2.0063745019920263, -2.4047808764940415, -2.4047808764940415, -3.0103585657371337, -4.002390438247209, -4.396812749004117, -2.5561752988047783, -3.8071713147411637, -3.209561752988141, -3.0103585657371337, -2.815139442231088, -1.811155378486126, -2.8231075697211576, -1.8031872509960567, -1.149800796812694, 0.18087649402394965, -0.21752988047806548, 0.7784860557769724, 1.34820717131497]"
PG,2,1665421800.0,1665423300.0,122.556,122.97199999999998,,0.014423076923078072,,,-0.9951923076923529,"[0.10576923076922781, -0.014423076923078072, 0.08173076923078713, 0.34615384615387373, 0.8028846153846566, 0.9951923076923529]"
PG,2,1665084300.0,1665500100.0,127.018,127.298,11.403857142857083,17.278571428571336,8.135714285714274,6.314285714285691,8.135714285714274,"[-0.02857142857141262, -0.49285714285715954, -1.3142857142856912, -1.3142857142856912, -6.314285714285691, -6.278571428571388, -6.421428571428552, -5.778571428571388, -5.635714285714274, -5.171428571428577, -5.385714285714248, -5.135714285714274, -4.9571428571428555, -5.671428571428526, -5.564285714285717, -5.671428571428526, -5.242857142857134, -4.9571428571428555, -5.0999999999999694, -5.671428571428526, -4.9571428571428555, -5.492857142857109, -4.778571428571388, -6.064285714285717, -6.0999999999999694, -6.564285714285666, -6.385714285714248, -6.492857142857109, -6.992857142857109, -7.0285714285714125, -7.492857142857109, -7.0285714285714125, -7.171428571428526, -6.992857142857109, -7.5285714285714125, -7.671428571428526, -8.349999999999945, -8.671428571428526, -7.921428571428552, -7.457142857142805, -7.707142857142831, -7.457142857142805, -7.957142857142805, -7.992857142857109, -8.09999999999997, -8.242857142857135, -7.921428571428552, -7.314285714285691, -7.564285714285666, -7.5285714285714125, -8.528571428571412, -8.635714285714274, -8.064285714285665, -8.671428571428526, -8.457142857142806, -8.314285714285692, -8.09999999999997, -7.564285714285666, -7.778571428571388, -7.921428571428552, -8.635714285714274, -9.135714285714274, -9.421428571428551, -9.742857142857083, -9.992857142857108, -10.20714285714283, -9.742857142857083, -9.671428571428526, -9.171428571428526, -10.135714285714222, -10.242857142857083, -10.59999999999997, -10.635714285714222, -11.349999999999945, -11.457142857142806, -10.278571428571388, -9.885714285714249, -11.528571428571363, -10.742857142857083, -12.671428571428526, -12.849999999999945, -13.81428571428564, -14.81428571428564, -13.992857142857108, -14.385714285714249, -13.385714285714249, -11.59999999999997, -11.635714285714222, -12.742857142857083, -12.135714285714222, -12.064285714285665, -11.242857142857083, -10.314285714285692, -12.849999999999945, -13.31428571428564, -13.635714285714222, -14.599999999999918, -13.70714285714278, -13.421428571428502, -13.20714285714283, -13.885714285714249, -13.278571428571388, -12.957142857142806, -12.028571428571363, -12.385714285714249, -13.349999999999945, -13.778571428571388, -13.957142857142806, -14.528571428571363, -14.599999999999918, -14.885714285714249, -15.385714285714249, -15.135714285714222, -15.028571428571363, -15.028571428571363, -15.564285714285665, -16.49285714285706, -17.278571428571336, -16.59999999999992, -15.778571428571388, -15.957142857142806, -15.81428571428564, -15.421428571428502, -14.742857142857083, -14.457142857142806, -14.849999999999945, -13.09999999999997, -12.635714285714222, -13.20714285714283, -12.957142857142806, -12.457142857142806, -12.778571428571388, -12.635714285714222, -12.635714285714222, -11.59999999999997, -10.814285714285692, -10.385714285714249, -11.171428571428526, -11.421428571428551, -11.171428571428526, -11.59999999999997, -11.742857142857083, -11.528571428571363, -11.564285714285665, -11.135714285714222, -10.849999999999945, -11.59999999999997, -11.09999999999997, -10.742857142857083, -10.921428571428551, -11.135714285714222, -10.59999999999997, -11.278571428571388, -10.20714285714283, -9.314285714285692, -9.70714285714283, -9.492857142857108, -9.135714285714274, -9.992857142857108, -10.20714285714283, -10.421428571428551, -9.671428571428526, -8.528571428571412, -8.70714285714283, -8.064285714285665, -8.135714285714274]"
PG,2,1665582000.0,1665582300.0,124.79,125.04,,-0.3599999999999568,,,-0.3599999999999568,"[1.3999999999999773, 0.3599999999999568]"
PG,2,1665669600.0,1665669900.0,123.965,124.59,,-0.2,,,-0.2,"[0.53599999999999, 0.2]"
PG,2,1665757500.0,1665759300.0,125.49,125.83999999999999,,0.7142857142857258,,,-0.7428571428571695,"[0.3428571428571614, 0.08571428571429035, 0.42857142857145175, -0.7142857142857258, -0.3428571428571208, 0.5714285714285888, 0.7428571428571695]"
PG,1,1666107000.0,1666112400.0,127.86,127.48499999999999,,1.0666666666666036,,,-1,
PG,2,1666290600.0,1666292700.0,127.284,127.57400000000001,,0.8068965517241511,,,-0.8482758620689304,"[0.08965517241377824, -0.4620689655172326, -0.8068965517241511, -0.6689655172413739, 0.3310344827585771, 0.15862068965514234, 0.02068965517241413, 0.8482758620689304]"
PG,2,1666380300.0,1666618800.0,128.882,129.40200000000002,,0.27307692307690984,-1.4769230769230492,,-1,"[0.03461538461538525, -0.19615384615384973, -0.06153846153848088, -0.27307692307690984, 1.4769230769230492]"
PG,1,1666640400.0,1666705200.0,129.648,129.328,,0.19375000000004108,,,-1,
PG,1,1666882500.0,1666883100.0,132.83599999999998,132.49599999999998,,-0.04705882352938521,,,-0.6647058823528482,
PG,1,1666983900.0,1667223900.0,135.142,134.962,,1.2111111111111637,,,-0.6777777777776726,
PG,2,1667244600.0,1667310000.0,134.71200000000002,135.032,,-0.30624999999995894,,,-1,"[0.30624999999995894, 0.49374999999997005, 0.6812499999999811, 2.9312500000000257]"
ABBV,2,1665409200.0,1665495600.0,138.12,138.32,,10.45000000000061,,,-1,"[-2.850000000000128, -3.750000000000213, -5.250000000000355, -5.750000000000355, -5.250000000000355, -7.950000000000469, -8.950000000000468, -10.20000000000054, -9.70000000000054, -9.050000000000527, -9.350000000000554, -9.350000000000554, -8.750000000000497, -8.400000000000512, -7.400000000000512, -6.850000000000412, -8.800000000000455, -10.350000000000554, -9.550000000000527, -10.350000000000554, -10.25000000000064, -10.45000000000061, -9.250000000000497, -10.45000000000061, -9.100000000000483, -8.20000000000054, -7.800000000000455, -7.700000000000398, -7.350000000000412, -5.750000000000355, -6.000000000000426, -6.250000000000355, -5.90000000000037, -6.000000000000426, -5.450000000000327, -5.150000000000299, -4.700000000000256, -5.000000000000284, -5.450000000000327, -4.600000000000341, -5.750000000000355, -6.500000000000426, -7.700000000000398, -8.250000000000497, -8.350000000000554, -8.20000000000054, -8.300000000000455, -7.100000000000483, -7.750000000000497, -5.35000000000027, -5.050000000000241, -5.850000000000412, -6.600000000000341, -7.0500000000003835, -6.600000000000341, -6.850000000000412, -7.200000000000398, -6.750000000000355, -6.000000000000426, -6.000000000000426, -6.600000000000341, -7.500000000000426, -6.800000000000455, -6.850000000000412, -6.90000000000037, -6.150000000000441, -5.3000000000003125, -5.5500000000003835, -4.3000000000003125, -4.500000000000284, -4.000000000000284, -3.8000000000001704, -3.9000000000002273, 1.750000000000071]"
ABBV,1,1665495900.0,1665516300.0,138.131,137.566,,7.431858407079698,2.9716814159292193,2.0513274336283125,2.9716814159292193,
ABBV,1,1665775800.0,1666014000.0,143.344,143.134,,1.7428571428571429,,,-1,
ABBV,1,1666187100.0,1666187400.0,144.772,144.392,,-1.0842105263157438,,,-1,
ABBV,1,1666273200.0,1666273500.0,143.168,142.998,,0.8941176470586623,,,-0.5176470588234449,
ABBV,1,1667310300.0,1667310600.0,146.32999999999998,145.92999999999998,,-0.7749999999999236,,,-0.8499999999999254,
ADP,2,1665171600.0,1665409200.0,226.75,227.20000000000002,,0.08888888888886784,,,-1,"[-0.08888888888886784, 6.577777777777547]"
ADP,1,1665424800.0,1665425700.0,228.43,227.88000000000002,,0.14545454545452102,,,-0.7272727272727602,
ADP,1,1665513300.0,1665513600.0,228.406,228.066,,-0.0470588235294688,,,-1,
ADP,2,1666202700.0,1666206900.0,232.04999999999998,232.64999999999998,,0.6666666666666351,,,-0.8500000000000403,"[4.736951571734046e-14, 0.0333333333333507, 0.11666666666670378, -0.016666666666651668, 0.13333333333335545, 0.23333333333336018, -0.0833333333333057, -0.3166666666666185, -0.4666666666666256, -0.6666666666666351, -0.4666666666666256, -0.4833333333333246, 0.1500000000000071, 0.2833333333333625, 0.8500000000000403]"
ADP,1,1666639200.0,1666640100.0,237.76,237.20000000000002,,0.0,,,-0.7857142857143183,
ADP,1,1666368300.0,1666804500.0,231.01,230.30999999999997,8.561142857142661,12.971428571428273,7.2142857142855545,,7.2142857142855545,
ADP,1,1667310300.0,1667311200.0,241.958,241.688,,1.3037037037036687,,,-1,
BMY,2,1665067500.0,1665073200.0,70.348,70.528,,2.099999999999921,,,-1,"[-0.26666666666666666, -0.32222222222216956, -1.2111111111110848, -2.099999999999921, -1.9333333333332543, -1.7666666666665878, -0.8777777777777515, -1.2666666666665878, -1.4333333333332543, -1.2666666666665878, -1.599999999999921, -1.2666666666665878, -0.1, 0.6222222222221696, -0.43333333333333335, -0.5444444444444181, -0.1, -0.04444444444441813, 0.5111111111110848, 1.0111111111110849]"
BMY,2,1665082500.0,1665084000.0,70.22200000000001,70.39200000000001,,0.5411764705883061,,,-0.5764705882351987,"[-0.24705882352941866, -0.5411764705883061, -0.30588235294121285, 0.16470588235289005, 0.5176470588234882, 0.5764705882351987]"
BMY,2,1665500100.0,1665500400.0,69.70400000000001,69.894,,0.60000000000003,0.3894736842105956,,0.60000000000003,"[-0.3894736842105956, -0.60000000000003]"
BMY,2,1665671400.0,1665673200.0,69.462,69.65700000000001,,0.2153846153846154,,,-1,"[-0.2153846153846154, 0.1948717948717706, -0.01025641025645884, 0.5025641025640782, 0.143589743589695, 0.4512820512820027, 1.1692307692306965]"
BMY,1,1665757200.0,1665766500.0,70.852,70.54700000000001,,0.4524590163934241,,,-1,
BMY,1,1666017300.0,1666187100.0,71.12100000000001,70.80600000000001,,4.060317460317478,-0.3841269841270165,,-0.3841269841270165,
BMY,1,1666186800.0,1666187400.0,71.618,71.266,,-0.875000000000005,-1.7556818181818556,,-1,
BMY,2,1666284900.0,1666359900.0,70.586,70.696,,4.781818181818172,,,-1,"[-0.14545454545459477, -1.054545454545457, -1.2363636363636035, -0.8727272727273103, -0.963636363636319, -0.7818181818181724, -0.41818181818175004, -1.6000000000000258, -0.963636363636319, -0.7818181818181724, -1.41818181818175, -1.8727272727273103, -1.41818181818175, -2.509090909090888, -3.054545454545457, -3.8727272727273103, -3.145454545454595, -3.7818181818181724, -4.509090909090888, -3.6909090909090345, -3.4181818181818793, -4.327272727272741, -3.8727272727273103, -4.0545454545454565, -4.600000000000025, -4.418181818181879, -3.145454545454595, -3.6909090909090345, -4.509090909090888, -4.781818181818172, -4.600000000000025, -4.781818181818172, -4.327272727272741, -3.7818181818181724, 0.12727272727268968, 1.3999999999999742]"
BMY,1,1666705200.0,1667242800.0,72.464,72.154,,19.696774193548226,0.2774193548387029,5.890322580645143,15.729032258064416,
BMY,1,1666965000.0,1667242800.0,75.194,74.858,,10.047619047619063,6.386904761904792,3.767857142857133,6.386904761904792,
BMY,1,1666792500.0,1667243100.0,73.12299999999999,72.81099999999998,,17.458333333332682,13.51602564102517,3.7403846153845244,13.291666666666181,
BMY,1,1667329800.0,1667396400.0,77.524,77.414,,1.054545454545457,,,-0.9454545454545431,
BMY,1,1667411700.0,1667412000.0,78.42,78.27,,2.2666666666666035,,,2.2666666666666035,
T,1,1664997000.0,1665064500.0,15.662,15.632000000000001,,1.6000000000000356,,,-0.733333333333357,
T,2,1665517200.0,1665589500.0,14.767999999999999,14.815999999999999,,1.2083333333332917,,,-1,"[-0.16666666666664817, -0.999999999999963, -0.7916666666666343, -1.2083333333332917, -0.5833333333333056, -0.16666666666664817, 0.04166666666668054, -0.5833333333333056, -0.37499999999997685, -0.5833333333333056, -0.16666666666664817, -0.16666666666664817, -0.7916666666666343, -0.7916666666666343, -0.7916666666666343, -0.37499999999997685, -0.16666666666664817, -0.16666666666664817, 0.04166666666668054, 0.04166666666668054, 0.458333333333338, 0.25000000000000927, 0.25000000000000927, 0.25000000000000927, 0.04166666666668054, 0.6666666666667037, 1.2916666666666898]"
T,2,1665597600.0,1665674400.0,14.708,14.756000000000002,,4.749999999999815,,,-0.874999999999963,"[-0.375, 0.041666666666679, 0.041666666666679, -0.166666666666679, -0.583333333333321, -0.166666666666679, -0.375, -0.375, -0.583333333333321, -0.791666666666642, -1.208333333333284, -1.416666666666605, -1.624999999999926, -1.624999999999926, -1.624999999999926, -1.833333333333284, -2.041666666666605, -1.624999999999926, -1.624999999999926, -1.416666666666605, -0.999999999999963, -4.749999999999815, -3.291666666666531, -2.041666666666605, -1.624999999999926, -0.999999999999963, -0.375, -0.166666666666679, -1.208333333333284, -1.624999999999926, -1.833333333333284, -2.041666666666605, -2.249999999999926, -2.041666666666605, -1.833333333333284, -2.458333333333247, -2.666666666666568, -2.041666666666605, -1.624999999999926, -1.833333333333284, 0.25, 0.874999999999963]"
T,2,1665413100.0,1665675000.0,14.962,14.982000000000001,9.635999999999344,24.09999999999834,8.599999999999449,14.599999999999005,8.599999999999449,"[-0.09999999999993783, -1.099999999999938, -0.5999999999999822, -2.099999999999849, -2.099999999999849, -1.5999999999998935, -3.0999999999997603, -2.099999999999849, -2.5999999999998047, -4.099999999999671, -4.599999999999715, -5.099999999999671, -4.599999999999715, -3.599999999999716, -4.099999999999671, -4.099999999999671, -4.599999999999715, -4.599999999999715, -6.599999999999538, -6.099999999999582, -7.099999999999493, -7.599999999999449, -8.599999999999449, -8.599999999999449, -8.599999999999449, -9.099999999999405, -10.099999999999316, -10.099999999999316, -10.599999999999271, -8.599999999999449, -8.599999999999449, -8.599999999999449, -7.599999999999449, -6.599999999999538, -7.099999999999493, -7.099999999999493, -4.599999999999715, -3.599999999999716, -4.599999999999715, -4.099999999999671, -4.599999999999715, -4.099999999999671, -3.599999999999716, -4.099999999999671, -4.099999999999671, -3.599999999999716, -2.5999999999998047, -3.0999999999997603, -4.099999999999671, -3.0999999999997603, -3.599999999999716, -4.599999999999715, -4.099999999999671, -4.099999999999671, -4.099999999999671, -4.099999999999671, -4.599999999999715, -3.599999999999716, -3.0999999999997603, -4.099999999999671, -8.099999999999405, -8.099999999999405, -6.099999999999582, -6.599999999999538, -6.599999999999538, -7.099999999999493, -9.099999999999405, -8.099999999999405, -9.099999999999405, -7.599999999999449, -7.599999999999449, -7.599999999999449, -6.099999999999582, -7.099999999999493, -6.599999999999538, -8.599999999999449, -6.099999999999582, -7.099999999999493, -7.099999999999493, -6.599999999999538, -6.099999999999582, -6.599999999999538, -7.599999999999449, -8.599999999999449, -7.099999999999493, -6.099999999999582, -5.599999999999627, -5.599999999999627, -6.599999999999538, -8.599999999999449, -8.099999999999405, -7.099999999999493, -6.099999999999582, -7.099999999999493, -6.599999999999538, -7.099999999999493, -5.599999999999627, -5.599999999999627, -6.599999999999538, -6.099999999999582, -5.099999999999671, -5.099999999999671, -5.599999999999627, -6.599999999999538, -6.099999999999582, -6.099999999999582, -6.099999999999582, -5.599999999999627, -5.599999999999627, -6.099999999999582, -5.599999999999627, -5.099999999999671, -5.599999999999627, -5.099999999999671, -5.099999999999671, -5.099999999999671, -5.099999999999671, -5.099999999999671, -4.599999999999715, -5.599999999999627, -6.599999999999538, -9.099999999999405, -10.599999999999271, -12.099999999999138, -13.099999999999138, -13.099999999999138, -14.599999999999005, -13.599999999999094, -13.099999999999138, -13.099999999999138, -13.099999999999138, -10.599999999999271, -10.099999999999316, -12.099999999999138, -11.599999999999183, -12.599999999999094, -11.099999999999227, -10.099999999999316, -9.59999999999936, -11.099999999999227, -10.599999999999271, -11.099999999999227, -10.099999999999316, -10.099999999999316, -11.599999999999183, -11.599999999999183, -11.599999999999183, -10.599999999999271, -10.099999999999316, -10.099999999999316, -9.59999999999936, -9.59999999999936, -8.599999999999449, -9.099999999999405, -9.099999999999405, -9.099999999999405, -9.59999999999936, -8.099999999999405, -6.599999999999538, -5.599999999999627, -6.099999999999582, -5.099999999999671, -4.099999999999671, -5.599999999999627, -5.599999999999627, -7.099999999999493, -7.599999999999449, -8.099999999999405, -8.599999999999449, -9.59999999999936, -9.59999999999936, -10.099999999999316, -10.099999999999316, -10.099999999999316, -9.59999999999936, -10.099999999999316, -10.599999999999271, -10.099999999999316, -10.599999999999271, -12.099999999999138, -13.599999999999094, -14.09999999999905, -13.599999999999094, -14.09999999999905, -14.09999999999905, -13.599999999999094, -12.599999999999094, -12.599999999999094, -13.099999999999138, -14.09999999999905, -13.099999999999138, -13.599999999999094, -13.599999999999094, -14.09999999999905, -14.599999999999005, -15.599999999998916, -16.09999999999887, -16.59999999999883, -16.59999999999883, -16.59999999999883, -17.09999999999887, -17.59999999999883, -16.59999999999883, -16.59999999999883, -16.09999999999887, -15.09999999999896, -24.09999999999834, -20.599999999998563, -17.59999999999883, -16.59999999999883, -15.09999999999896, -13.599999999999094, -13.099999999999138, -15.599999999998916, -16.59999999999883, -17.09999999999887, -17.59999999999883, -18.099999999998783, -17.59999999999883, -17.09999999999887, -18.59999999999874, -19.099999999998694, -17.59999999999883, -16.59999999999883, -17.09999999999887, -12.099999999999138, -10.599999999999271, -8.599999999999449, -8.599999999999449]"
T,1,1666187100.0,1666196400.0,15.554,15.494,,2.266666666666635,,,-0.899999999999997,
T,2,1666883400.0,1666883700.0,18.012,18.032,,-0.3999999999999645,,,-0.3999999999999645,"[0.9000000000000533, 0.3999999999999645]"
T,2,1666897200.0,1666964400.0,18.1,18.150000000000002,,1.0,-4.7999999999999,,-1,"[0.0, -0.6000000000000142, -0.40000000000005687, -0.6000000000000142, -0.6000000000000142, -0.6000000000000142, -0.8000000000000427, -1.0, -0.8000000000000427, 4.7999999999999]"
T,2,1667310300.0,1667310600.0,18.39,18.44,,0.20000000000002843,-0.7999999999999716,,0.20000000000002843,"[0.7999999999999716, -0.20000000000002843]"
T,1,1667397300.0,1667417100.0,18.332,18.302,8.535999999999635,12.933333333332781,3.933333333333136,,3.933333333333136,
CMCSA,2,1665171300.0,1665171600.0,29.26,29.310000000000002,,-0.19999999999995738,,,-1,"[0.19999999999995738, 1.1999999999999573]"
CMCSA,2,1665421800.0,1665422700.0,29.16,29.21,,0.20000000000002843,,,-1,"[-0.20000000000002843, 0.20000000000002843, 0.3999999999999858, 1.3999999999999857]"
CMCSA,1,1665588600.0,1665596400.0,28.966,28.876,,3.04444444444442,,,-1,
CMCSA,2,1665756900.0,1665758400.0,30.154,30.344,,0.4947368421052661,,,-0.18947368421053223,"[-0.07368421052631186, -0.4947368421052661, 0.24210526315788983, 0.3473684210526237, 0.8736842105263118, 0.18947368421053223]"
CMCSA,2,1665775200.0,1665775800.0,30.208,30.287999999999997,,-0.025000000000031088,,,-1,"[0.025000000000031088, 0.6500000000000533, 1.1500000000000532]"
CMCSA,2,1666188300.0,1666188600.0,30.524,30.663999999999998,,-0.0428571428571454,,,-0.9714285714285866,"[0.0428571428571454, 0.9714285714285866]"
CMCSA,1,1666362300.0,1666362600.0,30.484,30.324000000000005,,-0.71250000000002,,,-0.9625000000000422,
CMCSA,2,1667229900.0,1667231400.0,31.532,31.602,,0.6000000000000203,,,-1,"[0.3999999999999797, 0.5428571428571443, -0.6000000000000203, 0.3999999999999797, 0.6857142857142582, 1.2571428571428658]"
CMCSA,2,1667397000.0,1667397300.0,31.468,31.548,,-0.02499999999998668,,,-0.7750000000000311,"[0.02499999999998668, 0.7750000000000311]"
CMCSA,1,1667412900.0,1667414100.0,31.767000000000003,31.562000000000005,,0.5024390243902382,,,-1,
